signal2,signal3
0.657102687905763,0.00567869868052764
0.781116725388077,0.00674411096500503
0.896173960286489,0.00773029765212209
0.997491851595683,0.00859680027988688
1.08161720965041,0.00931506951293651
1.1466871055754,0.00987051924298879
1.19248283415224,0.0102623250867123
1.22028238288638,0.0105026296805418
1.2325471606497,0.0106135366181385
1.23249040774046,0.010622972871544
1.22365283415522,0.0105608142009102
1.20942856155881,0.0104556914392411
1.19275644820118,0.0103315437516621
1.17593088060014,0.010206782128111
1.1604543584204,0.0100932722876742
1.14712160894657,0.0099966478363021
1.13614988184916,0.00991838975829448
1.12734965949768,0.00985624125608505
1.12031914068791,0.00980703681089126
1.11460838163491,0.0097672438119728
1.10983373004711,0.00973399059362552
1.10573380040971,0.00970507267229452
1.10217175377514,0.00967955060473081
1.09909868463913,0.00965686808417738
1.09649799995069,0.00963688745696189
1.09422097948974,0.00961774677175139
1.09238589624524,0.0096007925507355
1.09072694849703,0.00958360442474382
1.08895009677801,0.00956367655643389
1.08677660871082,0.00953953864654705
1.08396155457833,0.00950956638627177
1.08032745062322,0.00947294631534682
1.07578643720702,0.00942877486147945
1.0703517431199,0.00937744789092341
1.06414054075733,0.00931908683248856
1.05734166243183,0.00925477168334833
1.05022791464461,0.00918598660379845
1.04309083011005,0.00911438772850376
1.0362203278572,0.00904178952113811
1.02984452332577,0.00896964295087922
1.02414168132824,0.00890048794783426
1.01922594302408,0.00883538395925694
1.01507538172449,0.00877614495184682
1.01160885428533,0.00872435970906182
1.0086741125247,0.00868010162439403
1.00608168039855,0.00864344707199987
1.00362002400932,0.0086136260847953
1.00110642819427,0.00858952089038306
0.998399277730951,0.00857039548369415
0.995413011381193,0.00855451226045222
0.992122803706778,0.00854139321721762
0.988558864980444,0.00852931659953643
0.984792097170146,0.00851725738133657
0.980914324281323,0.0085046094964923
0.977006178326246,0.00849046806066941
0.97314150244635,0.00847345943738449
0.969361724299935,0.00845194517775501
0.965666357479305,0.0084241579507061
0.962056284112021,0.00838897829145359
0.958490488424609,0.00834544749898376
0.954948943121479,0.00829318508324634
0.95143112822008,0.00823299599600448
0.947938092730823,0.00816683790586973
0.944524974565613,0.00809844617404906
0.941256964921518,0.00803177473496096
0.938176892242827,0.00797131394606069
0.935338648674636,0.00792129408569583
0.932759532661044,0.00788509789422392
0.930411359660824,0.00786409300674826
0.928216088907056,0.00785767832280374
0.926051294942978,0.00786309707731913
0.923754028509678,0.00787546903940881
0.921165402270389,0.00788853528962008
0.918142098789733,0.00789589642340409
0.914585351232236,0.00789161377057805
0.910448898774021,0.00787125999223027
0.905781612671583,0.00783299783345298
0.90069188714346,0.00777744874389637
0.895325396240235,0.00770756165862814
0.88989152921323,0.00762914223039166
0.884573659161212,0.00754826018489116
0.879550180999518,0.00747174900142319
0.874916662636744,0.00740512307305846
0.870709736851844,0.00735219982762313
0.866883646020181,0.00731481380364287
0.863321978022881,0.00729254119912549
0.859856647376095,0.00728243511336271
0.856294641826895,0.00728018466993401
0.852451869102609,0.00728106294285841
0.848166591857094,0.00727948700283038
0.843339718206021,0.00727178371132061
0.837955387792897,0.00725482230829616
0.832046836706056,0.0072276287897796
0.825721890818463,0.00719109934681757
0.819124353019141,0.00714678509326214
0.812445883274728,0.00709788135875639
0.80586647830976,0.00704757157266514
0.799541313607288,0.00699884669810878
0.79360342074611,0.0069545516417123
0.78814055870139,0.00691537927870078
0.783198194480583,0.00688201008014701
0.778784813168942,0.00685335687689997
0.774870240561202,0.00682788545505896
0.771422900791434,0.00680357048412805
0.768390897557324,0.00677875359892804
0.765735600648883,0.00675166760953434
0.763427631600181,0.00672072237432909
0.761426847532737,0.00668548378649115
0.759713910781203,0.00664670360350178
0.758253270791667,0.00660499678222594
0.756977469353708,0.00656189973671375
0.755817186903495,0.0065189515415861
0.754668495854162,0.00647759978692082
0.753386822176847,0.00643935805446949
0.75183439293298,0.00640494918743879
0.74983296702244,0.00637442189906603
0.747235392380948,0.00634714410156489
0.743929500869373,0.00632199885943783
0.739826976334648,0.00629754249709136
0.73491504788184,0.00627197521962943
0.729250589873235,0.00624366028252067
0.722950058615708,0.00621091958105074
0.716203336608476,0.00617290948361632
0.709245868930233,0.00612958909004248
0.702339271346424,0.00608073470209218
0.695725586136355,0.00602806941815553
0.689636614131339,0.00597299219373823
0.684229439758809,0.00591750108571277
0.679584215816571,0.00586334321133366
0.675722896981275,0.00581229009897083
0.672564611618508,0.00576526237651047
0.669990833726872,0.00572232870493726
0.667818280359416,0.00568343571778806
0.665857122702757,0.00564626985328724
0.663924957667191,0.00560920512521483
0.661868338226429,0.00557006465374317
0.659577645634229,0.00552629812536596
0.656982379332563,0.00547621757183662
0.654060348289125,0.00541941124524078
0.650858929807463,0.00535620997316453
0.647415839303833,0.00528790962504796
0.643799417643684,0.00521799557011697
0.640071792346836,0.00515050365063743
0.636274718332211,0.00508952429242406
0.632438532385017,0.00503918101549513
0.628570778434309,0.00500275340232606
0.624683021093247,0.00498218344004641
0.620742148893623,0.00497705904936839
0.616740088540813,0.00498527107571788
0.612669412724249,0.00500276137654805
0.608530131168476,0.00502436476212578
0.604333398543786,0.0050441248928556
0.600083522866181,0.00505606591504954
0.595794751135686,0.00505546586777113
0.591474517346442,0.00503870582230844
0.587108414944245,0.00500549341168603
0.582692693106063,0.0049567991687801
0.57820000249826,0.00489648586754516
0.573603122789243,0.00482975690650745
0.568866473064281,0.00476277933934361
0.563975251739261,0.00470145448643074
0.558938150779535,0.00465063476061264
0.553773042586859,0.00461360773093979
0.548510964691415,0.00459081000831185
0.54321520514564,0.00458123504620889
0.537946257972058,0.00458085559792977
0.532776944821335,0.00458461028782671
0.527781849014362,0.00458622735108332
0.523017195675145,0.00458011770318226
0.51854706263475,0.00456122523998094
0.514400953663894,0.00452650746909782
0.510609848383637,0.00447433076717033
0.507187522783352,0.0044061177104099
0.504134425713323,0.00432545715112523
0.501437009748299,0.00423644226857191
0.499066090419179,0.00414503877103466
0.496978325637876,0.00405769492516616
0.495098929000819,0.00397932837019404
0.493342172354611,0.00391394116321779
0.491590046403835,0.00386356744343086
0.489730376797842,0.00382845240361797
0.487617933689381,0.00380629637904362
0.485127761784383,0.00379354539011337
0.482140282613609,0.00378506615319852
0.478593649034286,0.00377512940262311
0.474448780841135,0.00375924059110759
0.469742166005424,0.00373300350531255
0.464557628482986,0.00369426013608819
0.45902302974551,0.00364290703135372
0.453340212767844,0.00358132102082585
0.447705489156807,0.00351297390263183
0.44229591021807,0.00344365259417115
0.437272541223696,0.00337906843613733
0.432719606413436,0.00332414696552499
0.428672384760182,0.00328307869699323
0.425058717873455,0.00325779425573863
0.421756033217013,0.00324809691701618
0.418560062546636,0.00325089743649595
0.415244244306944,0.00326148420698933
0.411580667314357,0.00327402762218289
0.407373605035307,0.00328184124009338
0.402478586585964,0.00327975479221833
0.396847102415403,0.00326304251142439
0.390523616299524,0.00322993592628894
0.383652219638569,0.00318012179289953
0.376443775157166,0.003116453564986
0.369187338826667,0.00304225808319109
0.362184043732564,0.00296298316686465
0.355715235466778,0.00288313672343426
0.350026932304053,0.00280710956278833
0.345283068131341,0.00273810146083733
0.341558051587737,0.00267752280044708
0.338830336767259,0.00262527736900111
0.336970044958392,0.00258013732365305
0.33578156888396,0.00253986975406336
0.335027939134694,0.0025020042935027
0.334429943594227,0.00246455602370697
0.333716965967411,0.00242665593347829
0.332652306558792,0.00238808401392694
0.33106486151385,0.00234977943902641
0.328825387218281,0.00231326171198975
0.325884566589625,0.00228006734346267
0.322247677257446,0.00225193226294491
0.317987714298717,0.00222951777157748
0.31321806258941,0.00221250545363603
0.308082097334859,0.00219871534076367
0.302738700424585,0.00218581727842032
0.297348686434631,0.00216991614785176
0.292066629583165,0.00214742398147867
0.287011902701052,0.00211485638338572
0.28228991002899,0.00207033623285158
0.277971312682937,0.00201282605557906
0.274077460683534,0.00194351187644045
0.270601016930561,0.00186526268416035
0.267495863317155,0.00178232168957319
0.264673938371859,0.00170037603787134
0.262027190939421,0.00162508386521996
0.259430581988143,0.0015618012328388
0.256754543571633,0.00151476632540178
0.253874590006143,0.00148630651026132
0.250702898525571,0.00147670274212488
0.247162020432355,0.00148418405987684
0.243224500216485,0.0015050105483942
0.238902957036381,0.00153368287837688
0.234246240519591,0.00156424679095136
0.229320318290022,0.00159099043177685
0.224219941266057,0.00160881580373754
0.219042960158956,0.00161418431916233
0.213873431495126,0.00160548392835171
0.208807887482672,0.00158295493796292
0.203918410119776,0.00154878366854911
0.199254896122354,0.00150670683122413
0.194852055485372,0.00146067471706063
0.190741417503727,0.00141490178970659
0.18693819165726,0.0013723599670037
0.183446197878378,0.00133508661519264
0.180257350621627,0.00130302880484898
0.177353133399774,0.00127466334825766
0.174682207162873,0.00124741752446296
0.17219351642811,0.00121690733880165
0.169804985232639,0.0011789755069574
0.167401079610025,0.00113042502384683
0.164859818401348,0.00106799105999116
0.162050559679359,0.000991264675174879
0.158842749464271,0.000901358864211351
0.155128459652365,0.000801282731456812
0.15083405274941,0.000695469385073211
0.145929164562574,0.000589659295143774
0.140430534513952,0.000489311280563167
0.134421660627584,0.000399707834818864
0.128033448776113,0.000325221700932692
0.121441654413593,0.000267224945355671
0.114836906238632,0.000226775110405288
0.108417308582841,0.00020170680607657
0.10238062508997,0.000188912980582234
0.0969038704619636,0.000184236275471071
0.0921113663831336,0.000182604766044664
0.0880682287722865,0.000179286990052217
0.0847928515582326,0.000170709799156072
0.0822452034133848,0.000154487736179837
0.0803159606553802,0.000130042463611951
0.078875288994028,9.79246483092066e-05
0.0777326675157741,5.99881849594727e-05
0.0767032625962376,1.92887078238173e-05
0.0755759822610182,-2.05225436115133e-05
0.0741628371560368,-5.61463436681913e-05
0.0723026464104122,-8.45548902030252e-05
0.0698624843349576,-0.000103901962802893
0.0667803908657563,-0.000113843624354947
0.0630337512846813,-0.000114966802964751
0.0586469611411939,-0.000108995538188976
0.0537049501206769,-9.84960090110578e-05
0.04834071564102,-8.66742657429522e-05
0.0427046919159707,-7.67432089504794e-05
0.0369572276499139,-7.24035862575665e-05
0.0312562734225916,-7.64311661069942e-05
0.0257503378059115,-9.0777556241786e-05
0.0205638277496421,-0.000116800924662834
0.015771284698015,-0.000154228337356155
0.0114206453934568,-0.000202552237455576
0.00753550937929262,-0.00025880037488253
0.00408808898250595,-0.000319688550615517
0.00103293378574993,-0.000381676019677569
-0.00167060074672366,-0.000440113618217414
-0.00409211468554295,-0.000491108630565467
-0.00628831295386756,-0.000531539953719542
-0.00831855285650819,-0.00055889130308686
-0.0102397948154189,-0.000572780864161406
-0.01210710844421,-0.000574220835313359
-0.0139752662616004,-0.000566854494171309
-0.0159005454989678,-0.00055539589689698
-0.0179418324667874,-0.000545034651038419
-0.0201602880042987,-0.000542377560776098
-0.022628124998686,-0.000552525757821351
-0.0253979223958051,-0.000579229599218886
-0.0285292511043252,-0.000624203646388579
-0.032040119070896,-0.000686625733994065
-0.0359288813174935,-0.000763230369747213
-0.0401726736908388,-0.000848289641600651
-0.0447042446429106,-0.000935291274145439
-0.0494270030042393,-0.00101632623551709
-0.054234714723836,-0.00108617050859078
-0.0589976410770411,-0.00113948449756947
-0.0636062055027871,-0.00117463123895828
-0.0679632166837768,-0.00119289099202623
-0.071992444133088,-0.00119811366921626
-0.0756649314398053,-0.00119675351173505
-0.079005809666804,-0.00119629377671812
-0.0820705263436862,-0.00120452862260649
-0.0849495991630199,-0.00122766904724693
-0.0877581417241193,-0.00126947831263781
-0.090622758148493,-0.00133132248293048
-0.0936677155161427,-0.00141143390202379
-0.0970022306333199,-0.00150504486992587
-0.100710324963274,-0.0016053748467082
-0.104855088088315,-0.00170521994017356
-0.109459974094589,-0.00179741138961485
-0.114507399677873,-0.00187597189078936
-0.119935308824736,-0.00193777075745701
-0.125650441149333,-0.00198230601203783
-0.131540856660088,-0.0020113557127908
-0.137465592421573,-0.00202893467573769
-0.143261537984169,-0.002040450789959
-0.148785265483453,-0.00205131407498094
-0.153908331240996,-0.00206652441425025
-0.158513035592804,-0.00208870680652726
-0.162546100206098,-0.00211784382928213
-0.165991703630588,-0.00215250694852429
-0.168901713008425,-0.00218882762597117
-0.171374517584109,-0.00222253336152843
-0.173541372530579,-0.00224775305698117
-0.17558012847031,-0.00226035883728024
-0.177670382289244,-0.00225803150773663
-0.179976532121841,-0.00224089923033565
-0.182643313644501,-0.00221201078498093
-0.185762316968038,-0.00217634340453292
-0.189370855635737,-0.00214110054910717
-0.193462252772147,-0.00211407209970547
-0.197958920080119,-0.00210241615309508
-0.202761613581892,-0.0021121767468618
-0.20775853017496,-0.00214696386576066
-0.212824960871011,-0.00220648621435035
-0.217839368649308,-0.00228852237816504
-0.222740451975224,-0.00238729563355724
-0.227476415789822,-0.00249579253096574
-0.232037181338286,-0.00260573073226938
-0.236447161604823,-0.00270916912197637
-0.240757444412806,-0.00280035974232131
-0.245035478136146,-0.00287523293241367
-0.249354204379905,-0.0029330981422501
-0.253778459042304,-0.00297528277770223
-0.258372363106229,-0.00300599708892217
-0.263172662335834,-0.00303040743175816
-0.268197685440776,-0.00305440643699478
-0.273446756600531,-0.00308361110571872
-0.278911599713492,-0.00312232004387296
-0.284554667988856,-0.00317313110248002
-0.29032415822557,-0.00323597579918763
-0.296150576533396,-0.00330906475986825
-0.301948122591677,-0.00338898235569551
-0.307617783302186,-0.00347153196608994
-0.313063652187928,-0.00355220215834814
-0.31816691571262,-0.00362665144066041
-0.322842808102304,-0.00369194715302465
-0.327006029710209,-0.00374624246599535
-0.330610317248004,-0.00378834221603314
-0.333649962378279,-0.00381919320623386
-0.336140166831358,-0.00383993206633582
-0.338152019764707,-0.0038524155641422
-0.339798225686748,-0.00385942937609583
-0.341225628802142,-0.00386324269901079
-0.342604285729942,-0.00386564950105676
-0.344121298193923,-0.00386834526447044
-0.345947562451187,-0.00387235137654184
-0.348241742029659,-0.00387912323936681
-0.351111026938665,-0.00388837754366779
-0.354652546902667,-0.0038998824379797
-0.358876342655067,-0.00391338470198056
-0.363770062404822,-0.00392858944954962
-0.369257527337909,-0.00394554063390597
-0.375220502341369,-0.00396338590847414
-0.38151180381919,-0.00398201064424163
-0.387959138274925,-0.0040015401055697
-0.394392927589824,-0.00402306632173657
-0.400637695680329,-0.00404821940734617
-0.406546707255864,-0.00407809192464795
-0.411974759870228,-0.00411491566045533
-0.416840808763714,-0.00416030429692529
-0.42108810014995,-0.0042157699382109
-0.424685898773569,-0.00428168340281422
-0.427669401338314,-0.00435793727016194
-0.430111806311036,-0.00444250328783205
-0.432094356757513,-0.00453266943067433
-0.433751064522427,-0.00462391316294402
-0.435222374716616,-0.0047122278958961
-0.436655411131682,-0.00479268216788811
-0.4381919886488,-0.00486126020525481
-0.439967463857342,-0.00491552325113239
-0.442066094046535,-0.00495456148659729
-0.444560014541126,-0.00497922409006981
-0.447452316678741,-0.00499235589535133
-0.45072895484249,-0.00499769124650134
-0.454323385324936,-0.00500011653694657
-0.458145194348365,-0.0050042953578618
-0.462085766317842,-0.0050144816723564
-0.46604829280207,-0.00503341039495569
-0.469940708459425,-0.00506221801268608
-0.47369922583062,-0.00510046869945637
-0.477296049186894,-0.00514683363407519
-0.480752355108126,-0.00519826404783944
-0.48410799713529,-0.00525266091686053
-0.487445140739084,-0.00530764405523656
-0.490830248902927,-0.00536152118959445
-0.494347384727629,-0.00541366249266943
-0.49805164172164,-0.0054649196975981
-0.501970639006037,-0.00551561029420535
-0.506100088323549,-0.00556720117778452
-0.510405251086818,-0.00562057226933053
-0.514839020332973,-0.0056755235241177
-0.51931958730148,-0.00573118736120922
-0.523780217847983,-0.00578581835385595
-0.528159709813584,-0.0058367165356956
-0.532446725275088,-0.00588095426232981
-0.536626691452727,-0.00591558879645046
-0.540718070123873,-0.00593960361972746
-0.54478010081413,-0.0059521959708525
-0.548883629955063,-0.00595481972632085
-0.553090415020354,-0.00595067187828543
-0.557441996228184,-0.00594404237401317
-0.561965232030038,-0.00594063942066042
-0.566627093231512,-0.0059455065420502
-0.57137778848549,-0.00596289961378769
-0.576119893626194,-0.00599554267282932
-0.580739319522262,-0.00604413889998309
-0.585114669751924,-0.00610702607114178
-0.589155455798233,-0.00617996875635662
-0.592784217028025,-0.00625708111647038
-0.595980893007091,-0.0063312598847124
-0.598798750956669,-0.00639586241224908
-0.601327812098652,-0.00644458780884116
-0.603715742545726,-0.00647357526575756
-0.606166129167403,-0.0064808925339552
-0.608860770525257,-0.00646789377952584
-0.611982426978577,-0.00643856307157852
-0.615682677225968,-0.00639891003498263
-0.620031974130159,-0.00635584519244467
-0.625050384821142,-0.00631759488745931
-0.630681412596878,-0.00629074057306156
-0.636775636470523,-0.00628010713577849
-0.643164244359464,-0.00628839375565655
-0.649594796214181,-0.00631612526858884
-0.655851891898743,-0.00636093274230292
-0.661697651232003,-0.00641858270084215
-0.666958165295031,-0.00648396008458805
-0.671501141413455,-0.00655159765268787
-0.675265729964247,-0.00661712140790749
-0.678261962369095,-0.00667680405676794
-0.680566638487018,-0.00672901404300854
-0.68230926546045,-0.00677504214956285
-0.68367244391927,-0.00681647007564281
-0.684853180396535,-0.00685638191070141
-0.686056789632409,-0.00689815534012257
-0.687480288542881,-0.00694470355579497
-0.689308610452847,-0.00699789513584288
-0.691679864362647,-0.00705802377480923
-0.694679141757601,-0.00712389806283408
-0.69835070634242,-0.00719303918246364
-0.70268894975185,-0.00726198272367516
-0.707641507861322,-0.00732676589675437
-0.713082360546659,-0.00738389312530607
-0.718883890548466,-0.00743093054285477
-0.724877093636248,-0.00746682951968959
-0.730898951825953,-0.00749115912836864
-0.736796022603078,-0.00750534320474156
-0.742407916825562,-0.0075121381248145
-0.747617846334056,-0.00751427652034287
-0.752351720470964,-0.00751525798048268
-0.756570793921223,-0.00751838109856953
-0.760268206737714,-0.00752569053289153
-0.763476499087068,-0.00753916466304972
-0.766242484483501,-0.00755950917399534
-0.768656246021064,-0.00758701805037353
-0.770810420877045,-0.00762083453375734
-0.772805316914972,-0.00765951652133552
-0.774744508170253,-0.00770139182704691
-0.776731731464048,-0.00774440750292256
-0.778868491409565,-0.0077857971499725
-0.781251544395372,-0.0078231231780699
-0.783980437944459,-0.00785456216550299
-0.78712984482288,-0.00787862810463897
-0.790752797081034,-0.00789547897456985
-0.794897697423066,-0.00790526278279528
-0.799529519432375,-0.00790979452909585
-0.804589553698661,-0.00791214839882839
-0.809993621759878,-0.00791593183246049
-0.815577719192303,-0.00792518859240519
-0.821161149365658,-0.00794408708088554
-0.82656079555309,-0.00797646165769572
-0.831584609216759,-0.00802441365739713
-0.836093532312267,-0.00808883242593795
-0.839990178755452,-0.00816897873177156
-0.843253150023622,-0.00826254025905085
-0.845928516809184,-0.00836500029149229
-0.848155486886365,-0.00847173438721675
-0.850123564991466,-0.0085770756799161
-0.852072980153084,-0.00867578323798241
-0.854244703779942,-0.00876354412694032
-0.856864836985826,-0.00883720610123589
-0.860101366401545,-0.00889586819048171
-0.864075827345076,-0.00893947511027009
-0.868814572814877,-0.00897052208652629
-0.874266369228159,-0.00899167263144124
-0.880304150411563,-0.00900713559335869
-0.886758219265642,-0.00902083383746571
-0.893433347568295,-0.00903598961622473
-0.900108421199955,-0.00905479315645373
-0.906580795929188,-0.0090782084610977
-0.912716821091575,-0.00910542525197479
-0.918408121231712,-0.00913492171495356
-0.923586917775449,-0.00916438585477899
-0.928256297470863,-0.00919146507892867
-0.93244928720467,-0.00921375118203962
-0.936225846744577,-0.00922934660837676
-0.939676853142944,-0.00923821365566269
-0.942896202467027,-0.00924100813045331
-0.945976514334571,-0.00923945154710346
-0.949006557222435,-0.00923636842975709
-0.95207067054717,-0.00923512433065875
-0.955250021294454,-0.0092392584948763
-0.958602586672877,-0.00925169829571221
-0.962175574842621,-0.00927431306346689
-0.965998468177024,-0.0093088925732062
-0.970079728813676,-0.00935514028486027
-0.974404191963147,-0.00941122744270226
-0.978932196725427,-0.00947507464698218
-0.983612394235457,-0.00954387899808125
-0.988353066578697,-0.00961383226733263
-0.993062757598383,-0.00968181939652482
-0.997657031844134,-0.00974535374035814
-1.00205273576729,-0.00980271658089884
-1.00619844723614,-0.00985312680537837
-1.01007988751794,-0.0098964523812431
-1.013701376437,-0.00993409549078399
-1.01710858585215,-0.00996746568528834
-1.02039468728852,-0.00999865128492435
-1.02363584488347,-0.0100298952114765
-1.02691621726741,-0.0100628036797828
-1.03030866849441,-0.01009865786898
-1.03383685062345,-0.0101377999371976
-1.03749480425923,-0.0101799051932867
-1.04125296067143,-0.0102239037391278
-1.04504607987584,-0.0102686631691785
-1.04879943073048,-0.0103127206202197
-1.05244952593443,-0.0103552563466297
-1.0559525339421,-0.0103956934105655
-1.05931131032591,-0.0104334065067344
-1.0625480656678,-0.0104685662158127
-1.06576150901696,-0.0105022600483961
-1.06903807110136,-0.0105355573267213
-1.07250329440855,-0.0105689864160708
-1.07624710842404,-0.0106035156091949
-1.08034681979494,-0.010639283418225
-1.08481425817637,-0.0106764134841901
-1.08960297225808,-0.010713982504399
-1.09462195864124,-0.010750898903045
-1.09971976053886,-0.0107860398814183
-1.10473224475056,-0.0108184008122846
-1.10950924050319,-0.0108471977659143
-1.11392642421581,-0.0108728091889457
-1.11791415126284,-0.0108961748278185
-1.12145903134006,-0.0109188367503166
-1.1246388304624,-0.0109424407250528
-1.12756479140711,-0.0109686910056819
-1.13040300595224,-0.0109999610844862
-1.13332638926958,-0.01103692377191
-1.13650985182185,-0.0110799145462491
-1.14006843267097,-0.0111281798773417
-1.14406739076103,-0.0111800277848951
-1.14850398719876,-0.0112333107482383
-1.15330708755415,-0.0112851542460611
-1.15834294850167,-0.011332625311206
-1.16343572584999,-0.0113742421662377
-1.16838792249214,-0.0114087565092643
-1.1729901927473,-0.0114359449442128
-1.1770693399202,-0.0114570748990315
-1.18048403299238,-0.0114742312082009
-1.18311404450957,-0.0114896029872354
-1.18489008960866,-0.0115055678339985
-1.18577738544381,-0.011523773731547
-1.18576319875154,-0.0115454707670558
-1.18486253530142,-0.0115700760008982
-1.18307784073641,-0.0115961154806187
-1.18043997318883,-0.0116217313679054
-1.17695718222555,-0.0116437623949198
-1.17267939557789,-0.0116591498525954
-1.16764683029784,-0.0116649493594814
-1.1619507734606,-0.0116592718410991
-1.15571143258016,-0.0116411561566695
-1.14906619544247,-0.0116108678346366
-1.14222196706114,-0.0115694709822049
-1.13538258866107,-0.0115192464370308
-1.12878903504735,-0.0114628476692622
-1.12265935916652,-0.011403137529996
-1.11718232685195,-0.0113424877236245
-1.11249642763915,-0.011282111151431
-1.10867605746114,-0.0112227223988849
-1.10569757811469,-0.0111640502684501
-1.10348820830715,-0.0111054863391934
-1.10187797140028,-0.0110453544303304
-1.10064231577214,-0.0109825158708759
-1.09950660919997,-0.0109158252317994
-1.09819892442816,-0.0108451211759621
-1.096478419981,-0.0107711241553043
-1.0941358985316,-0.0106954028857897
-1.09102571812681,-0.0106204442780897
-1.0870779226052,-0.0105492498557527
-1.08232419383443,-0.0104848305100494
-1.07686391421158,-0.0104306979096923
-1.07086303652722,-0.0103894736990225
-1.06453920663993,-0.010362696731069
-1.05811988971638,-0.0103511133664786
-1.05185802946986,-0.0103534851298824
-1.04595997677458,-0.0103675197482732
-1.04059807029563,-0.0103902066455045
-1.03587324499584,-0.0104169278180692
-1.03182944979599,-0.010442715752658
-1.02845049888284,-0.0104623964949001
-1.02564234214288,-0.0104714421393785
-1.02326867938829,-0.0104657315929127
-1.02117203542353,-0.0104420863443635
-1.01918628179396,-0.0103989854524751
-1.01715627529693,-0.0103366900511888
-1.01495859069144,-0.0102570965219653
-1.01248365996022,-0.0101634415987017
-1.00971169318446,-0.0100601222995736
-1.00664197619674,-0.0099527244135359
-1.00330471157923,-0.00984715633843327
-0.999778596221484,-0.00974955366884891
-0.996117193856062,-0.00966480575636199
-0.992408620851407,-0.00959682293451164
-0.988712285201626,-0.0095480944015755
-0.985055128722013,-0.00951954271348775
-0.981454555390422,-0.00951044091543789
-0.977905942095618,-0.00951839599256656
-0.974374175932849,-0.00953909615180083
-0.970831729966047,-0.00956794581101703
-0.967248856888657,-0.00959962519224444
-0.963608488227735,-0.00962925059589422
-0.959891291913071,-0.00965276355414952
-0.956115868728907,-0.00966673302199437
-0.952286423497826,-0.00966909482855381
-0.948419021090722,-0.00965907714355989
-0.944522564819896,-0.00963729986059286
-0.94059211525242,-0.00960514463970867
-0.936605180887494,-0.00956389693550653
-0.932511020782378,-0.00951529253602227
-0.928257953963028,-0.00946159432600288
-0.923788183187509,-0.00940438332201331
-0.919064946516915,-0.00934429119016054
-0.914051318723124,-0.00928165669302528
-0.908760415909191,-0.0092168840001251
-0.903223241692085,-0.00915011890407474
-0.897529062322978,-0.00908120429953251
-0.89177898843878,-0.00901061045014214
-0.886093762688614,-0.00893871682440356
-0.8806070538213,-0.00886622074837
-0.875453819628918,-0.00879432394746729
-0.870722171565808,-0.00872480631096718
-0.8664780083648,-0.00865928031358384
-0.86273863316936,-0.00859890681932535
-0.859474287619699,-0.00854472177518534
-0.856611208259089,-0.00849727034715608
-0.854039383863055,-0.00845689376569285
-0.851627656511966,-0.00842301346342266
-0.849222028431115,-0.00839429709444044
-0.846677278043711,-0.00836941924277507
-0.843866139940026,-0.00834610175764903
-0.840676209921071,-0.00832238733018449
-0.837037977251272,-0.00829607153189632
-0.832924025961922,-0.0082652075404643
-0.828351856028237,-0.00822831579115112
-0.823382705942155,-0.00818421687141271
-0.818119987131292,-0.00813280711655677
-0.8126700568657,-0.0080748905944762
-0.807188816374837,-0.0080112775991934
-0.801823841036361,-0.00794446320486712
-0.796707684014246,-0.00787671447056869
-0.791955155003621,-0.00781113309812286
-0.787620959084876,-0.00775106597573464
-0.783742027906304,-0.00769841895375551
-0.780293041660477,-0.00765509437124193
-0.777203375931088,-0.00762219110188863
-0.774345954445153,-0.00759921750324973
-0.771590112023907,-0.00758497927606742
-0.768769167830165,-0.00757681041559769
-0.765730840719511,-0.00757152745133629
-0.762342834099819,-0.00756560191252307
-0.758507242375463,-0.0075558986413503
-0.754160025837492,-0.00754056325308299
-0.749310048909744,-0.00751791853480087
-0.743991554270338,-0.00748821658660645
-0.738300196413676,-0.00745175235512888
-0.732365456003519,-0.00741035759661661
-0.726342494412374,-0.0073659938070714
-0.720413077300293,-0.00732011765783171
-0.714722289974332,-0.0072728924698568
-0.709411404497087,-0.00722436176981064
-0.70459404427889,-0.00717310156178268
-0.70036699138257,-0.00711684032497217
-0.696740001351475,-0.00705311611435577
-0.693705373474184,-0.00698030297288651
-0.691210889373871,-0.00689780832968301
-0.689173240880015,-0.00680667290276014
-0.687471099261178,-0.00670979199923317
-0.685976215384291,-0.00661256426775398
-0.684548039791613,-0.00652101771679046
-0.683062129396717,-0.00644260724909175
-0.681382284261539,-0.00638374392804245
-0.679389916204284,-0.00634959298699533
-0.677011427177726,-0.00634329692428946
-0.674173697371994,-0.00636474877772652
-0.670857751307679,-0.00641115341844731
-0.667036116422191,-0.0064773203147336
-0.662746290185806,-0.00655640750251412
-0.658034116332494,-0.00664014835454359
-0.652977878562666,-0.00672111474797961
-0.647654592378622,-0.00679195802047567
-0.642178707320891,-0.00684773960368504
-0.636680593521889,-0.00688524840765799
-0.631269115331716,-0.00690323497234924
-0.626059243447453,-0.0069026339931248
-0.621143685753271,-0.00688468520613014
-0.616591289837887,-0.00685142450994421
-0.61242423721981,-0.00680558442683724
-0.608634577042333,-0.00674850440405142
-0.605167666790373,-0.00668165983022717
-0.601944424436023,-0.00660595620590379
-0.598833222295825,-0.00652192069363274
-0.595695839942356,-0.00643077096422047
-0.592391488616975,-0.00633366307492406
-0.588781831859666,-0.00623271566183119
-0.584768721504197,-0.0061306352369092
-0.580292778532701,-0.0060306040490524
-0.575346411320547,-0.00593610083263984
-0.569977209002229,-0.00585036432861264
-0.564284797246066,-0.00577582537830457
-0.558411257884364,-0.00571442575335912
-0.552529846766266,-0.00566603434202571
-0.546807225992947,-0.00563091742457508
-0.541412398283731,-0.00560638397831283
-0.536471710580693,-0.00559045664469204
-0.532083442677651,-0.00557923530689365
-0.528267887241641,-0.00556961631909974
-0.524997740358815,-0.00555804899865082
-0.522213886369667,-0.00554240951278528
-0.519773757739103,-0.00552042848419007
-0.517521379912335,-0.00549093501509528
-0.515292805836861,-0.00545394163901111
-0.512945309363263,-0.00540983375467849
-0.510337238295517,-0.00535978949611462
-0.507374435086463,-0.00530519016103275
-0.504007052403896,-0.00524743306832304
-0.500220710142435,-0.00518791707781371
-0.49605578352827,-0.00512708799415124
-0.491596701197432,-0.00506581533536844
-0.486932128166222,-0.00500409461870155
-0.482179406117699,-0.00494192834108451
-0.477457178775571,-0.00487941387946869
-0.472859246051901,-0.00481648111866949
-0.468486104223812,-0.00475391625256882
-0.464386776185005,-0.00469298686181151
-0.46060025389361,-0.00463556216208767
-0.457110848222385,-0.0045835613481566
-0.453906155357235,-0.00453920681739976
-0.45094148061069,-0.00450396738680457
-0.448172136378696,-0.00447846356420254
-0.44551125560583,-0.00446162819453267
-0.442889582724518,-0.00445161452430866
-0.440248321668688,-0.0044447231180228
-0.437509685929484,-0.00443647761865623
-0.434612942629214,-0.00442272023864761
-0.431505306917863,-0.00439902853605663
-0.428143615345265,-0.00436207219470874
-0.424495920193336,-0.00431090059487225
-0.420532052904366,-0.00424597545530069
-0.416258826612346,-0.00416999328661348
-0.411685072887937,-0.00408785685966891
-0.406841367904953,-0.00400521687880837
-0.401764957117793,-0.00392826769447774
-0.396524628540863,-0.00386220842552194
-0.391200063871859,-0.0038118025321162
-0.385870695250951,-0.00377881971890892
-0.380636164345925,-0.00376436749671727
-0.375591817008361,-0.00376653494688996
-0.370815559947049,-0.00378210611922474
-0.366384610977543,-0.00380684416985757
-0.362356397234034,-0.00383647370646855
-0.358769223347122,-0.00386612487223849
-0.355643892460992,-0.00389220790249378
-0.352967360983312,-0.00391123105262675
-0.350709971519224,-0.003921706068004
-0.348832802532731,-0.00392225584384379
-0.347251624997679,-0.00391296699479964
-0.345867821180834,-0.00389354057325086
-0.344578252299639,-0.00386545545297094
-0.343241992931427,-0.00382955086794196
-0.341718593421545,-0.00378671857060748
-0.339852744035973,-0.00373803744833834
-0.337506071269068,-0.00368466487188859
-0.33455495469979,-0.00362781924060911
-0.330908694853995,-0.00356838489442938
-0.326527288705102,-0.00350727100953655
-0.321406598985385,-0.00344457183329211
-0.315635861214687,-0.003380875844183
-0.309367496287955,-0.0033157421611399
-0.302789717364782,-0.00324870083469089
-0.296126937225183,-0.00317885780174753
-0.289626092450475,-0.00310628801518982
-0.283513950966256,-0.00303041230562769
-0.277973702580404,-0.00295138697215042
-0.273126042494038,-0.00286995189657658
-0.268999506398981,-0.00278747805179256
-0.265548011591393,-0.00270579943023322
-0.262646661764145,-0.00262717089072883
-0.260105699792025,-0.00255388878535792
-0.257715185667922,-0.00248778193446255
-0.255227115937369,-0.00242985984785262
-0.252451317903957,-0.0023810070341417
-0.249231680215861,-0.00234087197190911
-0.245480429758703,-0.00230857742790934
-0.241168641821352,-0.00228241968595448
-0.236344257366118,-0.00226068762734698
-0.231105631776339,-0.00224170730465361
-0.225592534540066,-0.00222427758716769
-0.219948561101209,-0.00220812560518285
-0.21432881178578,-0.00219370189030135
-0.208874556721171,-0.00218192568498055
-0.203704502326786,-0.00217433812151824
-0.198899514225774,-0.00217335090797845
-0.194519647082497,-0.0021801950140147
-0.190612336121217,-0.0021959627289636
-0.187176717074006,-0.00222049055828749
-0.184197066658753,-0.0022531424805191
-0.181634164242419,-0.00229159130678258
-0.179408176757837,-0.00233237368592131
-0.177418813818545,-0.00237153888868408
-0.175534592603911,-0.00240486092433554
-0.173586460914391,-0.00242818836858219
-0.171411301265099,-0.00243768783365308
-0.168819450090444,-0.00243069912156337
-0.165654733997562,-0.00240636737159446
-0.161796560313818,-0.00236502162469199
-0.157182725996899,-0.00230849500116821
-0.151823065088107,-0.00223872835212484
-0.145804816521636,-0.00215982582206316
-0.139287907564044,-0.0020751804973297
-0.132493704868875,-0.00198909576746416
-0.125655084757901,-0.00190490968698921
-0.1190421047147,-0.0018252229635155
-0.112872062565996,-0.00175291540725538
-0.107323105435425,-0.00168901487443365
-0.10250013473792,-0.00163472578460357
-0.09841106763343,-0.00158938075534636
-0.0950060441660234,-0.00155283292562
-0.0921572367517323,-0.00152478372909807
-0.0896950410236607,-0.00150458044663121
-0.0874185013821029,-0.00149114797652939
-0.0851422922467487,-0.00148413410032616
-0.0827066948782872,-0.00148296011456008
-0.0799924613030318,-0.00148626408124849
-0.0769170198671452,-0.00149294480316358
-0.0734676554625246,-0.00150140546227407
-0.0696473309459578,-0.00150879061274901
-0.0655053038619962,-0.00151266650128551
-0.0611181258590862,-0.00150995287393106
-0.056553286531188,-0.00149793061927156
-0.0518787798697906,-0.00147329074111572
-0.0471760268249055,-0.00143451744901045
-0.0425087802378892,-0.00138132768987994
-0.0379278055836055,-0.00131446975320461
-0.0334799202250646,-0.00123612167312011
-0.0292164869470909,-0.00114970233896497
-0.0251858129062916,-0.00105988744754524
-0.0214308490460475,-0.00097167926018327
-0.0179996765043014,-0.000889988651836568
-0.0148909058522499,-0.000818891341642693
-0.0121051757989099,-0.000760975145303931
-0.00960927008381785,-0.000717331706150446
-0.00733721003329428,-0.000687780223575081
-0.00518088613391499,-0.00067041614016877
-0.00303005891271876,-0.000661465618964599
-0.000735643964541904,-0.000656908747492151
0.00182406638235298,-0.000652462381243959
0.00477983736633587,-0.00064434599888369
0.00821631075244901,-0.000629136227737009
0.0121790624268274,-0.00060463900896991
0.0166599785327762,-0.000570027464129244
0.0216150726286815,-0.000525255387562981
0.0269294064717957,-0.000471069569179459
0.032476529187534,-0.000409153945687127
0.0381011288520313,-0.000341257627252536
0.0436484963020711,-0.000269044526337411
0.0489827193933462,-0.000194496424213343
0.0540131901774272,-0.00011830098996377
0.0586716163891682,-4.16646747920848e-05
0.0629636936941586,3.46057439180145e-05
0.0669211757024689,0.000109108772040977
0.0706293197985522,0.000180289209053114
0.0741675261602367,0.00024729465780412
0.0776400756182039,0.000307844313408463
0.0811261941050269,0.0003606245092203
0.0846779993590887,0.000403447908951181
0.0883130192527,0.000435110375689223
0.0920136864482243,0.000455340956316269
0.0957339193502804,0.000463539352701559
0.0994115072443246,0.000460976941940112
0.102983839816912,0.000449298743641986
0.106414778344829,0.000431578869807217
0.109673662231049,0.000410545974817487
0.112774610948357,0.000390188778047269
0.115786925046388,0.000373557204581812
0.118768068690966,0.000363859378202485
0.12182301123173,0.000364658051993375
0.125019245848092,0.000377901569528685
0.128408606589237,0.000405689334684025
0.132008462430934,0.000448804220824181
0.135779351977711,0.000508154723471179
0.139633826278844,0.000582938239549389
0.143443838492606,0.00067162150040213
0.14707517314793,0.000772097310826733
0.150379558384757,0.000880651540501465
0.153265975613454,0.000992815374227288
0.155687386201133,0.00110379320515946
0.157678808290744,0.00120827781810176
0.159339180020542,0.00130113121749731
0.160860268648874,0.00137762386371416
0.162485110303534,0.00143468524557886
0.164457147405183,0.00147027414729786
0.167029989244894,0.00148461208464212
0.170410258294853,0.00148000936158657
0.174704897014346,0.00146066879214016
0.179947672843093,0.00143190563939446
0.186038638243567,0.0014003133779127
0.19279834057018,0.00137238737134254
0.199955475349235,0.00135400100464633
0.207190924459367,0.00134933972352196
0.21417792462655,0.00136072870385438
0.220634626986083,0.00138838076568636
0.226338288617304,0.00143045080011103
0.23116562398232,0.00148302457517355
0.235100277552713,0.00154149631581808
0.23822879545517,0.00160046174207563
0.240718693098094,0.00165557187781979
0.242808509252735,0.00170346579960966
0.244732940216869,0.00174252315678124
0.246736675463829,0.00177292042799543
0.249012349752877,0.0017963181614115
0.251703318980679,0.00181595944804334
0.254862047042295,0.00183545730382068
0.258489837282666,0.00185845258503447
0.262541864906545,0.00188797385793333
0.266916542266623,0.00192515966416018
0.271524159079871,0.0019699681436195
0.276253568691097,0.00202166541879099
0.281037428179939,0.00207779109979659
0.285817782004133,0.00213592141693602
0.290559817765435,0.00219273740204127
0.295259824253275,0.0022465118456177
0.299898324047431,0.00229502448562133
0.304459157760096,0.00233798617780879
0.308936541706095,0.00237493302032354
0.313283897713587,0.00240677587534888
0.317460355497159,0.00243482888339242
0.32138147211438,0.0024598393861881
0.325010248231124,0.00248297067828888
0.328298242369841,0.00250447391130894
0.331225508435431,0.0025251291684988
0.33381464601657,0.00254530239240689
0.336099508952701,0.00256545286946442
0.338162905177997,0.00258615086421879
0.340103223081397,0.00260845656522608
0.342042755105418,0.00263314522594957
0.344097443763941,0.00266153965371967
0.346372662727287,0.00269483575887614
0.348953494244258,0.00273350292575122
0.351894105639785,0.00277688918347354
0.355244406954143,0.00282469464824573
0.358987476338261,0.00287505114109284
0.363105195564738,0.00292574957018851
0.367546163079478,0.00297458679644872
0.372243543768986,0.00301899338164607
0.377122743629958,0.00305680697281802
0.382109364544671,0.00308659552042143
0.38712596139491,0.00310790853164694
0.392132796412986,0.00312124512232791
0.397097317519315,0.00312770220520405
0.402012948147604,0.00312908188956525
0.406910907410832,0.00312750958378477
0.411835485430602,0.00312530912193907
0.416848634821307,0.00312412121175332
0.422019647054687,0.00312550661377631
0.427412173313703,0.00313005605100519
0.433070467810119,0.00313847190886187
0.43901801067811,0.00315132675926554
0.445225875599838,0.00316900248120278
0.451622446094238,0.00319171134066875
0.458086499145743,0.0032200251937356
0.464473306655945,0.00325565511112001
0.470591459974564,0.00329934623307671
0.476250603512379,0.00335203561882248
0.481289998859238,0.00341476670600484
0.485559233574463,0.00348772947141493
0.488999997389377,0.00357015101139515
0.491585049704232,0.00366019238154132
0.493385852888567,0.00375596501955621
0.494531508102266,0.00385415306706726
0.495207552997038,0.00395045371097255
0.495636705169688,0.004041428293502
0.496055252855609,0.00412316987245728
0.496684677040327,0.00419281787087728
0.497724634326398,0.00424883623322884
0.499314800527636,0.0042902510205992
0.501541146800552,0.00431831936769371
0.504416193495095,0.00433451329495366
0.507921876973815,0.00434211289189308
0.511999128809503,0.00434445634055537
0.516547628730512,0.00434512229274124
0.521473428017267,0.00434784999064522
0.526659496739847,0.00435550504920522
0.532001949419016,0.00436938679747968
0.537416148638899,0.00439094195336676
0.542824984271284,0.00441987554651185
0.548134183635813,0.00445531278857877
0.55326664034822,0.004495845236344
0.558154566060591,0.0045398120855128
0.562720373988107,0.00458537791971641
0.566912542839488,0.0046315209232909
0.570688485680659,0.00467677057577771
0.574035131723162,0.00472028961945975
0.576976503260056,0.00476132509441054
0.579577276936798,0.00479885710578626
0.581940964682638,0.00483277654425849
0.584206100584777,0.00486211021829198
0.586514646614603,0.00488727234942791
0.589032411613544,0.00490839943569676
0.591909544190984,0.00492658398685812
0.595242418002322,0.00494369516792728
0.599098043163788,0.00496218905987235
0.603510491383577,0.00498552124455452
0.608438848425241,0.00501665468132144
0.613788899794616,0.00505845350373452
0.619435658221685,0.00511339876103904
0.625228426154499,0.00518192652342046
0.630991774013707,0.00526272509632001
0.636568311491338,0.00535369090938063
0.641805350356881,0.00544996445296526
0.646587379871009,0.00554630135297541
0.650842577633128,0.00563721720612054
0.654549317635424,0.00571731159215083
0.657738588868561,0.00578283839971839
0.66049217529788,0.00583129848627878
0.6629327772751,0.00586285770531479
0.66522890574469,0.0058794072541595
0.667559547266714,0.0058843524812251
0.670109256809466,0.00588262762190866
0.673061279816995,0.00587924548185334
0.676545848649861,0.00587843233993317
0.680671468140401,0.00588403318771644
0.685471489545447,0.0058977155308324
0.690904894094819,0.00591974499607697
0.696886456603317,0.00594928548476204
0.703258562407446,0.00598312565956881
0.709825365765492,0.0060191310296689
0.716369401332934,0.00605409785575695
0.722681774101403,0.00608559318333872
0.728566157214291,0.00611256985740551
0.733872942528242,0.00613471257029666
0.738505902242831,0.00615301500319758
0.742444372474473,0.00616978487256007
0.745720401702279,0.00618704032026341
0.748421384924863,0.00620777070598783
0.750690835528734,0.00623428146942095
0.752674114847027,0.00626823211327956
0.754529327070998,0.00631037985178833
0.756424964899726,0.00636049146332225
0.758470932932438,0.00641772780543397
0.760757753970237,0.00648018996574524
0.763345643970586,0.00654577228366385
0.766247764489265,0.00661211154073433
0.769439326821434,0.00667628471049145
0.77289550334849,0.00673648588138091
0.776564786131644,0.0067910269919018
0.780397636127552,0.00683861044531701
0.784361823182293,0.00687899772384679
0.788410319131677,0.00691183421904112
0.792549507478681,0.00693767674542269
0.796748843201578,0.00695759150491693
0.801003177579129,0.00697286728373106
0.805339120675094,0.00698518366271428
0.809752610633757,0.00699690739872142
0.814228102821963,0.00700979561448981
0.818750766030125,0.00702618836869271
0.823313633003845,0.00704754548651362
0.827878897797065,0.00707515057150364
0.832429835537382,0.00710977909363448
0.836942446520093,0.0071512152480294
0.841412255935038,0.0071990509116556
0.845823768314057,0.00725164454953038
0.850187541994067,0.00730728307377115
0.854530609011325,0.0073642827999131
0.858874064365678,0.00742052917109154
0.863242027260815,0.00747493895183755
0.867651502613477,0.00752599637252737
0.872107093979172,0.00757353516581814
0.876594097811327,0.00761752583873726
0.881108154388651,0.00765822382942648
0.885583992039686,0.00769615213363754
0.889996437642243,0.00773235895893253
0.89429683408481,0.00776635721304683
0.898420016051375,0.00779844698533708
0.902357155505676,0.00782804086200707
0.90609128698091,0.00785431232355461
0.90963077633243,0.00787684089028451
0.913002564340759,0.00789485549496103
0.916268983659585,0.00790852146975874
0.919486517268686,0.00791915276081315
0.922732379118615,0.00792923663529534
0.92608147845939,0.00794121811295707
0.929613210685222,0.00795884408929513
0.933382551929492,0.00798541047403779
0.937425946336888,0.00802379447660089
0.941757734237961,0.00807531308736424
0.946379430820937,0.00813998410243301
0.951253445646549,0.00821603388586909
0.956348496192113,0.00829944448977393
0.961567409001347,0.00838528264671812
0.966816149923829,0.00846785737535599
0.971993494462276,0.00854128368271542
0.976994833723267,0.00860080491842887
0.981680281535688,0.00864276235030114
0.985969523273943,0.00866591950069685
0.989778560074278,0.00867093491072093
0.993056044982107,0.00866110637693939
0.995806744513639,0.0086410915053952
0.998056350611319,0.00861604795673608
0.999904465780375,0.00859230711896368
1.00147245585151,0.00857553166547729
1.00292336956799,0.00856985143169003
1.00446271589796,0.00857806189262748
1.00626596761899,0.00860144494901089
1.00850804443598,0.00863896142791167
1.01133803635818,0.00868860249606786
1.01484589702847,0.00874659349981761
1.0190665891939,0.00880921259868713
1.02397165242128,0.00887244124081764
1.02946789599653,0.00893276775754225
1.03542575847842,0.00898804049062751
1.04165811258239,0.00903664195890917
1.0479690575386,0.00907913003231555
1.05417841659019,0.00911612448806518
1.06011966664539,0.00914962344749763
1.06566767550964,0.00918253623641487
1.07076054474196,0.00921672801150361
1.07536973923667,0.00925449209895734
1.07954022383052,0.00929705815915737
1.08335803159725,0.00934453810601307
1.08691305874822,0.00939681441984332
1.09032550870313,0.0094524516691245
1.09369901709273,0.00950901667520567
1.0970984456127,0.00956446738855668
1.10057695519977,0.00961668752571353
1.10413951941261,0.0096633758795375
1.10776873614856,0.00970381162624556
1.11141159939147,0.00973735255291237
1.11499535899268,0.00976481072517774
1.11847063485301,0.00978782337999502
1.12178760161031,0.0098085382819724
1.1249245882256,0.00982910477817312
1.12788945461166,0.00985177998964533
1.13071954696852,0.00987861970977469
1.13348767848345,0.00991095970421129
1.13626668441208,0.00994884098426657
1.13914682246769,0.00999182520632682
1.14218259865613,0.0100382616140559
1.14544602373312,0.0100859285532855
1.14894701355536,0.0101326291082009
1.15268366856651,0.0101759230933792
1.15662636221207,0.0102139161878905
1.16074376294549,0.010245190041334
1.16497260299542,0.0102697867836834
1.169276992535,0.0102883383012785
1.1736250234003,0.0103028377171047
1.17800629105223,0.0103157112172133
1.18243339609757,0.0103301712505158
1.18692723229919,0.0103487925287424
1.19153163717819,0.0103743415731788
1.19628912187191,0.0104088294991463
1.20124207180092,0.010452830678532
1.20640909073729,0.0105061902950951
1.21177799812326,0.0105673277286144
1.21731247980771,0.0106337746964093
1.2229588849523,0.0107025869150242
1.22862673192157,0.0107704276171624
1.23420485255019,0.010833733682993
1.23956760527338,0.0108899480840725
1.24457052252664,0.0109368723006551
1.2490797835102,0.0109733886198715
1.25296549141433,0.0109989638107996
1.25611393533525,0.0110138959188251
1.25843571479234,0.0110188751559817
1.25987283758588,0.011014573773744
1.26040011013058,0.0110021565377501
1.26004634301431,0.0109818807833491
1.25885265952965,0.0109539989471298
1.25691543970159,0.0109191962080291
1.25433319221741,0.0108769805703042
1.2512396452451,0.0108280444900164
1.2477433433554,0.0107730328213086
1.24396764239663,0.0107132821373293
1.23998936449938,0.0106507365763762
1.23587413392733,0.0105888056552508
1.23165370222812,0.0105305643164858
1.22734968097107,0.0104798383311175
1.2229753500659,0.0104401789037358
1.21850497756897,0.0104146319337303
1.21394545618656,0.0104049866752428
1.20932465556972,0.0104103860236595
1.20466226846466,0.0104292060681354
1.20001027419196,0.0104573902074121
1.19543723148827,0.0104896425867385
1.19101712291791,0.010519690202611
1.1868011310822,0.0105405157536814
1.18284093804454,0.0105463216494566
1.17914715608325,0.0105326858160796
1.17572527924388,0.010496783538001
1.17253119209339,0.0104391401978652
1.16952031697013,0.0103618611232938
1.16661911004692,0.0102702003819937
1.16375349018253,0.0101710414070113
1.16085422821487,0.0100720655111793
1.15785315495607,0.00998090013032346
1.15471008071845,0.00990436778390048
1.1514002123086,0.00984654430536993
1.14792147405328,0.00980920748502098
1.14426601427585,0.00979110344341738
1.14046074599924,0.00978805494760044
1.13654523446803,0.00979392569258906
1.13256911023494,0.0098009200012246
1.12855584034881,0.00980138530774551
1.12455081418779,0.00978856678588697
1.12059173091065,0.00975837225562031
1.11670853774334,0.00970903612062799
1.11291934353921,0.0096418693750882
1.10922646989218,0.00956092028030649
1.10561709553792,0.00947268017475817
1.10204666315746,0.00938427312305286
1.09846132011108,0.00930307369788986
1.09479014577148,0.0092355080392962
1.09094096129389,0.00918591207768292
1.08684379691529,0.0091557228258896
1.08242606542427,0.00914367692390699
1.07763183904571,0.00914607529099347
1.07244991983765,0.00915737288565655
1.06691660807798,0.00917056483578234
1.06109157890118,0.00917932060520373
1.05507173745567,0.00917780854619778
1.04900384981106,0.00916237081624965
1.04302344288113,0.00913140305936128
1.03729158371362,0.00908612105644784
1.03193154151424,0.00902898326084072
1.02704821111971,0.00896450255825868
1.02269543931643,0.00889845602694256
1.01888914360188,0.00883595334724483
1.01561231164337,0.0087818111891327
1.01279249646343,0.00873998206784961
1.01032662390563,0.00871263788066892
1.00812249698829,0.0086992572163766
1.00606285440581,0.00869873169862468
1.00403428875618,0.00870795718075734
1.00197228435895,0.00872281407414747
0.999799866439926,0.0087388519960511
0.997465646202446,0.00875147143891577
0.994955423078003,0.008756519113246
0.992256757277651,0.00875101875684222
0.989358905746845,0.00873264700701816
0.986256372410297,0.00870097364355328
0.982932740822093,0.00865644076021551
0.979355751012713,0.00860088232415499
0.975506290220513,0.00853692889058278
0.971367100826308,0.00846714972015542
0.966901252898725,0.00839431324420131
0.962114454568136,0.00832086290479844
0.957020035409704,0.00824874752577803
0.951683777035655,0.00817901860648051
0.946161752780454,0.00811202612990123
0.940555952949875,0.00804780555892189
0.934992592730635,0.00798646739594959
0.929598593064491,0.00792731853528693
0.924486787334159,0.00787087648392875
0.919765605445347,0.00781774334458101
0.915515959175754,0.00776876939425398
0.911781589138737,0.00772540112412265
0.908563054538832,0.00768841431530756
0.905805091964796,0.00765865285334191
0.903422310596373,0.00763643500763122
0.901293046603713,0.00762078978809736
0.899264850320576,0.0076098834012262
0.897206944056518,0.00760075887091214
0.894970461517947,0.00759051482781308
0.892457694576181,0.00757592501742845
0.889587843175503,0.00755422393254634
0.886320906348478,0.00752402464268605
0.882661223774887,0.00748511302383685
0.878663753041051,0.00743899928961948
0.874387760980197,0.00738814672921498
0.869917298554776,0.00733610379066721
0.865335722535746,0.00728685030545275
0.86071209484757,0.00724350693285136
0.856090451641448,0.00720854686423897
0.851483492631503,0.00718267284282492
0.846875396701634,0.0071646435288623
0.842211226355136,0.00715324970065496
0.837427708496264,0.00714527757231248
0.832443243058246,0.00713731409255855
0.827194710091664,0.0071264374386041
0.821648885613427,0.00711046891371452
0.815785649869153,0.00708753776970665
0.809646500703514,0.00705809676110646
0.803299004613106,0.00702275731018884
0.796876668908284,0.00698363047165818
0.790520229803515,0.00694269975427296
0.784391564906231,0.00690194100646546
0.778659208324488,0.00686267444582271
0.773450841099718,0.00682556987570639
0.76885221007942,0.00679020727949861
0.764932900885317,0.00675649291914818
0.761667050522233,0.00672352577353502
0.758985149539381,0.00669099193214382
0.756784074133862,0.00665899787491785
0.754929278461167,0.00662787942733658
0.7532460848661,0.00659876413132801
0.751574617848692,0.00657238868835576
0.749755875493851,0.0065500662399302
0.747673649714346,0.0065320011474868
0.745247815866142,0.00651748048453735
0.74243377387402,0.00650544048363284
0.739216818850948,0.00649398084654024
0.735635576111862,0.0064801774149643
0.731725679807312,0.00646140662268827
0.727551362473659,0.00643545171950916
0.723189432354588,0.00640068153715308
0.718692903276991,0.00635738208441308
0.714126836470112,0.00630654031314291
0.70953247838399,0.00625053338672433
0.704952970397233,0.00619260978017461
0.700416472075912,0.00613585805061673
0.695942532339613,0.00608284861006677
0.691567813649459,0.00603517465407472
0.687320076290116,0.00599244702141723
0.683234951739099,0.00595426626310102
0.67934012736963,0.00591802534062912
0.675673243718792,0.00588101457154763
0.672264224204914,0.00584014087615501
0.6691277774362,0.00579330523717763
0.666256307564336,0.00573940970406437
0.663614518764591,0.00567891619723598
0.661136900716661,0.00561361098955977
0.658729000705694,0.00554659418000734
0.656261970672708,0.00548146267854857
0.653594077339272,0.00542233866838283
0.65060428496699,0.005371680498994
0.647177054816887,0.0053323719723292
0.643242209826824,0.00530538849131216
0.63876999212466,0.00528981490384737
0.633796723414501,0.00528346383117827
0.628431913559995,0.00528413195664307
0.622801539324096,0.00528792747118702
0.617097926104393,0.00529170328779997
0.61149801734939,0.00529254917774599
0.606178917928587,0.00528798052486735
0.601275631130622,0.00527631118647179
0.596866680758266,0.00525688947103897
0.592967974275415,0.00522911418218168
0.589517730049594,0.00519278612994726
0.586404135697291,0.00514815687911115
0.583479713262631,0.00509550637601447
0.580570575453593,0.00503490692588572
0.577531769953367,0.00496690220005478
0.574240343019575,0.00489203763319187
0.570625167328271,0.00481118915823058
0.566668504069123,0.00472588242757002
0.562390509718922,0.0046379932815068
0.557862961462662,0.00455006791149407
0.553169961979425,0.00446519980335562
0.548397255180618,0.004386457852613
0.543613380231402,0.00431691108558948
0.538867926673949,0.00425890137911262
0.534197906715447,0.00421381782614122
0.529603566162383,0.00418191580900751
0.525072432546836,0.00416202662271219
0.520620617020976,0.00415177247474189
0.516251920935104,0.0041476745967438
0.51200134449276,0.00414523959071889
0.507923748603909,0.00413954390476312
0.504090548550687,0.00412610524836395
0.500550958242446,0.00410076485856228
0.49737147133485,0.00406121372595506
0.494572430448634,0.00400720384352494
0.49212387171503,0.00394013179911502
0.489958762883054,0.00386397737734984
0.487961534839621,0.0037841983555776
0.485983258340415,0.00370709717883451
0.483859010182961,0.00363909722154634
0.481428319149552,0.00358604246430368
0.478544272841424,0.00355218580541666
0.475112733965719,0.00353955036482196
0.471100167050299,0.00354750835933397
0.46651190143461,0.00357264644961058
0.461413482828254,0.00360946307135225
0.455903625631035,0.00365097902191092
0.450127220821307,0.00368883640714254
0.444223967669959,0.0037155636052684
0.438322481154362,0.00372546486491408
0.432526234347712,0.00371454415466001
0.426903889790934,0.00368152977572635
0.4214887211912,0.00362836975554716
0.416260828338024,0.00355883825722501
0.411193545395811,0.00347858397494924
0.406204057751828,0.00339450031184657
0.401221469265061,0.00331277370650139
0.396175137053106,0.00323821868127844
0.391012437540217,0.00317516474010642
0.385710261981409,0.003124467271251
0.380282231279896,0.00308591482439392
0.374795120885323,0.00305686491466996
0.369315562356497,0.00303393005442585
0.36395369901098,0.00301304734247857
0.35883285925614,0.00299043924481488
0.354054784254532,0.00296306026565519
0.349695184675716,0.00292943711761115
0.345794952126319,0.00288931981408512
0.342326617065928,0.00284398463845133
0.339234070655315,0.00279577285949814
0.336432882972832,0.0027477996470556
0.333796071541145,0.00270272751624298
0.331187959151037,0.00266237679025097
0.328510013681273,0.00262814255843763
0.325685338098831,0.00259932696482078
0.322685614213102,0.00257449264673835
0.319519526015372,0.00255106255223072
0.316248209811079,0.00252535229405156
0.312958961726192,0.00249358165890631
0.309744668077761,0.00245248554887082
0.306681807753575,0.00239994972795308
0.303804103091574,0.00233498503278852
0.301093987369277,0.00225787524411971
0.298502820650779,0.00217075549888505
0.295934502951025,0.00207703800590012
0.293260113985418,0.00198120975135873
0.290352571700506,0.0018878203049052
0.287133484379588,0.00180129163985419
0.283546249243243,0.00172458568228333
0.279620766118922,0.00165931611456814
0.275437750443863,0.00160526147434703
0.271109834407504,0.00156055640034132
0.26679565879069,0.00152176911276362
0.262664219589112,0.00148490250017565
0.258832979343188,0.00144578770635493
0.255376749345696,0.00140097918841182
0.252301183176946,0.00134851113715235
0.249539520269053,0.00128817864406098
0.246962158526512,0.00122193801148223
0.244397193356241,0.00115377530568777
0.241658063871176,0.00108884411758746
0.238573252322573,0.00103239890971021
0.235001828008961,0.000989554023324897
0.230886162689246,0.000963452442975559
0.226217191050313,0.000955901647744907
0.221069603794178,0.000965831142990556
0.215559815078738,0.000990071288397866
0.209856065895777,0.00102287313691727
0.204137299925226,0.00105830887066841
0.198575376692564,0.00108931026085657
0.19330237079187,0.00111047370407941
0.188450867339429,0.00111741301010476
0.184064152617791,0.00110837678095648
0.180170887645234,0.00108370698327545
0.176760268525093,0.00104641696358493
0.173793345832134,0.00100110861980469
0.171210995479286,0.000953049249791052
0.168944456721684,0.000907915897939096
0.166904817078065,0.000870146317129482
0.165006811605402,0.000842821325456683
0.163146847937897,0.000826832177096589
0.16123686942029,0.000821286636549582
0.159169554651793,0.000822886627730683
0.156829790762596,0.000828308222140929
0.154119240732204,0.00083255600177745
0.15096119719084,0.000831436133737829
0.147280517523314,0.00082132235878833
0.143049012187997,0.000799664416036562
0.138262259089836,0.000765567748104232
0.132980279460481,0.000718863671142024
0.127282799352929,0.000661957746374007
0.121300706926497,0.000597734127210527
0.115186650206503,0.000529204593678369
0.109096603562332,0.000459994255876937
0.103191523612062,0.000393441398363879
0.0976104265639979,0.000331920429678008
0.0924419360134891,0.000277040579132547
0.08775517321197,0.000229931973660634
0.0835432139419806,0.000189712669717735
0.079772236209649,0.000155235721074112
0.076358857698284,0.000124240001671173
0.0731775531454402,9.41211337678753e-05
0.0700963898291004,6.19197238623267e-05
0.0669805605627431,2.51913317593952e-05
0.0637066960414764,-1.79498273015217e-05
0.0601752818448877,-6.8349825068837e-05
0.05631981475242,-0.000125804104237215
0.0521008874279344,-0.000189289032121221
0.0475407178328256,-0.000256287599438073
0.0426728579381685,-0.000323492203369643
0.037577731967317,-0.000387108156952854
0.0323607119130033,-0.000444181921350621
0.0271289658751711,-0.000491991557154407
0.0220121616904234,-0.000529236770517969
0.0171242464012366,-0.000555583277073147
0.0125930301807601,-0.000571558162714618
0.00850913202808869,-0.000578781243586157
0.00495229927926437,-0.000579471804820451
0.00197320720131062,-0.000575596582108068
-0.000398568497234619,-0.000568460777089308
-0.00221304224716162,-0.000558836701189383
-0.00351631457995612,-0.000546784867305024
-0.00445264931146896,-0.000531338706572792
-0.00518807864042411,-0.000512390104662983
-0.00593175355519701,-0.000488733570144236
-0.00691708498806987,-0.000460413364368442
-0.00838091138669584,-0.000429330508973047
-0.0105388362999961,-0.00039857204813976
-0.0135596528973681,-0.000372494418230361
-0.0175495371551948,-0.000356370540926493
-0.0225422365591039,-0.000356082773079026
-0.0284342868397179,-0.000376278008342086
-0.0350481190024112,-0.000420111699426837
-0.0421297214419395,-0.000488179084344164
-0.0493588109883288,-0.000578363010362881
-0.0563861207397649,-0.000685711776422443
-0.0628754360810297,-0.000802498891359147
-0.0685421595586645,-0.000919949917442888
-0.0732100909377753,-0.00102811173931622
-0.0767663894563495,-0.00111902146216035
-0.079272927665618,-0.00118637431748578
-0.080873430427918,-0.00122668145763588
-0.0818219465478233,-0.00124120697613601
-0.0824504661865492,-0.00123459594840528
-0.0831068416253214,-0.00121492580219028
-0.0841235411360106,-0.00119203325844465
-0.085778348506707,-0.00117740590423834
-0.0882634096950038,-0.00118047589494143
-0.0916667436842685,-0.00120991570360326
-0.0959793471103529,-0.00127073272515481
-0.101072035123502,-0.00136393580448603
-0.106754359903147,-0.001486531633639
-0.112786480716826,-0.0016320247370012
-0.118928157642475,-0.00179087218252034
-0.124948466760709,-0.00195212506831613
-0.130654369802167,-0.00210439676387704
-0.135942589987225,-0.00223716081890868
-0.140752432780004,-0.00234289968975165
-0.145074403649536,-0.00241623338330384
-0.148961696845693,-0.00245572738517302
-0.152493810800575,-0.00246279406822376
-0.15573589741333,-0.00244174162108448
-0.15876734717909,-0.00239938641235121
-0.161645966230639,-0.00234311910371333
-0.164401507007772,-0.00228084204526223
-0.167046238616018,-0.00221902666298476
-0.169582848092449,-0.00216268050749437
-0.172014671178548,-0.00211548489439218
-0.174359579971645,-0.00207821210059972
-0.176638791615687,-0.00205039727789884
-0.178931843763885,-0.00203004310978939
-0.181300481822093,-0.00201450966794034
-0.183844156924795,-0.00200078312008532
-0.186651924356734,-0.00198749011981274
-0.189800977414285,-0.00197342260271608
-0.193355682646661,-0.00195950560077118
-0.197324771385667,-0.00194840058473908
-0.201693263950172,-0.00194380749321823
-0.206412266153847,-0.00195046288146276
-0.211398940673536,-0.00197307455259104
-0.216559959606529,-0.00201543398547438
-0.221776616229165,-0.00208044480050661
-0.226952576285377,-0.00216914641037736
-0.232014886044481,-0.0022800500383369
-0.236918612569167,-0.00240946423408205
-0.241669575526559,-0.00255200094543246
-0.246286672970999,-0.00270067357715752
-0.250825577781075,-0.00284812405061986
-0.255376712200669,-0.00298717999947462
-0.260012790637657,-0.00311157144340322
-0.264835466127038,-0.0032169719058745
-0.269907895388485,-0.00330085636074122
-0.275270025540348,-0.00336277974671192
-0.280915735221312,-0.00340453997115576
-0.286822314251886,-0.00343003986111548
-0.29291459014677,-0.00344321742326332
-0.299089051526872,-0.00344959775936037
-0.305219406873405,-0.00345366609723116
-0.311165310545075,-0.00345970003954352
-0.316805570110093,-0.00347113041051741
-0.322016072613011,-0.00349018544755877
-0.3267159487276,-0.00351744852498836
-0.33087302926068,-0.00355261930323959
-0.334490038719991,-0.00359451643210819
-0.33763371874596,-0.00364170678493885
-0.340376369984884,-0.00369211203285942
-0.342858363853977,-0.00374387443101211
-0.345199004077357,-0.00379553831317773
-0.347524318718494,-0.00384567927428455
-0.349936508671228,-0.00389383391424479
-0.352520787877814,-0.0039399900001126
-0.355298645643921,-0.00398398698323421
-0.358276388605046,-0.00402670716488723
-0.361429745282002,-0.0040685074095323
-0.364704012611484,-0.0041096024158016
-0.368030735077452,-0.00415024251217004
-0.371369848250474,-0.00418994386795806
-0.374683187595025,-0.00422803530840761
-0.377959113226936,-0.00426244344517522
-0.381205509934919,-0.00429152926612616
-0.384460513851304,-0.00431360263757689
-0.387773869933235,-0.00432712361761332
-0.391185843519753,-0.00433131209334736
-0.39473108372134,-0.00432691664351975
-0.39841069958175,-0.00431509995079886
-0.402239557632219,-0.00429902852282873
-0.406173521404283,-0.00428285991112914
-0.410163340118506,-0.00427135743421519
-0.414164107957267,-0.00426942978881154
-0.418125139250849,-0.00428148955197291
-0.422012865434434,-0.00431016424225833
-0.425819647674674,-0.00435668770515687
-0.429567756612054,-0.00442025024476646
-0.433307721288165,-0.00449742155246732
-0.437111289959135,-0.0045833232562477
-0.441060204514473,-0.00467201607379832
-0.445243665943286,-0.00475675834649457
-0.449721963233085,-0.00483231612932796
-0.454517359392173,-0.0048944255361595
-0.459630764376405,-0.00494096503598275
-0.465016404398938,-0.00497245554362311
-0.470570120805558,-0.00499171940398234
-0.476182317556768,-0.0050033677081956
-0.481695296081231,-0.00501289863240074
-0.486974025115756,-0.00502602205362444
-0.491896094814706,-0.00504775554489292
-0.496355088070777,-0.00508098222262656
-0.500285811948227,-0.00512698517613534
-0.503665759048821,-0.00518432705503134
-0.506515153487647,-0.00524972625582746
-0.508892305543342,-0.00531906405478876
-0.510881681849014,-0.00538761808539268
-0.512602775625677,-0.00545101486498789
-0.514159556805631,-0.00550571088295272
-0.515679881456554,-0.00555038200376572
-0.517275856050589,-0.00558529465103037
-0.519051074456178,-0.00561268765289858
-0.521109679306333,-0.00563575693221547
-0.523532703140755,-0.00565848616176525
-0.526390585433232,-0.00568460345441209
-0.529746733301696,-0.00571693174740522
-0.533629912749837,-0.00575659383687207
-0.538027353766715,-0.00580306052514323
-0.542923002134774,-0.00585442214225487
-0.548228350462621,-0.00590688640878383
-0.553828340530987,-0.00595647857267893
-0.559584502192357,-0.00599917162185446
-0.565333309337576,-0.00603200823988531
-0.570911620092265,-0.00605358757034059
-0.576177804191018,-0.00606415444878128
-0.581028805313005,-0.00606663211978089
-0.585432183172664,-0.0060645863785736
-0.589414252679933,-0.00606317387054081
-0.593075431442105,-0.0060674617511701
-0.596560707888927,-0.00608115177570947
-0.600086422607004,-0.00610682638587371
-0.603856304527941,-0.00614512721334647
-0.608055461666618,-0.0061943107213084
-0.612805279875109,-0.00625110111880104
-0.618173726943166,-0.00631066119237938
-0.624126775720412,-0.00636771126326542
-0.63054842407339,-0.00641744719176176
-0.637251202448523,-0.00645686368223001
-0.644001433733886,-0.00648448073093758
-0.650551422184049,-0.00650130373301999
-0.656669636613895,-0.00651119872813414
-0.662186205455042,-0.00651851687322242
-0.666997425030544,-0.00652979378753304
-0.671080431970002,-0.00655126039459833
-0.674494544572111,-0.00658822551076075
-0.677374507042821,-0.00664458286135771
-0.679892469905026,-0.00672159373390542
-0.682248617039596,-0.00681837796066798
-0.684624161251691,-0.00693172492949578
-0.687160196923996,-0.00705521012945558
-0.689955453173402,-0.007182882204078
-0.693036791268772,-0.00730687159998001
-0.696372810360361,-0.0074207761945808
-0.699884901203854,-0.00751889643288276
-0.703464652028498,-0.00759716541758554
-0.707005680384273,-0.00765391338432314
-0.710401844926469,-0.00768980215108915
-0.713578563908621,-0.00770788271394406
-0.716499492951228,-0.0077117798022067
-0.719170062616539,-0.00770643205812298
-0.721645130082102,-0.00769722931946998
-0.723982430780701,-0.00768871693902748
-0.72628122683168,-0.00768476657054852
-0.728639102729081,-0.00768759804996026
-0.731128868796025,-0.00769791654001793
-0.733818983773454,-0.00771538267637704
-0.736746679123271,-0.00773831164703712
-0.739910413662643,-0.00776405422692485
-0.743314746727439,-0.00779085313663413
-0.746925842397338,-0.00781593963490125
-0.750728597641548,-0.00783832663359756
-0.754702405445179,-0.00785701266580767
-0.758850171878396,-0.007872276821045
-0.763167714007667,-0.0078856376188464
-0.767678614315055,-0.00789841128816871
-0.772409827889757,-0.00791280845352766
-0.777387481961666,-0.00793029703891908
-0.782628150811272,-0.00795312152771585
-0.788142166487435,-0.00798191736260909
-0.793890889201458,-0.00801742976129736
-0.799836125454225,-0.00805971791334266
-0.805912292515515,-0.00810842071165956
-0.812027923292335,-0.00816260864938329
-0.818067855254792,-0.00822145528998153
-0.823932754882214,-0.00828328780979573
-0.829512735369636,-0.00834712419656678
-0.834705331175918,-0.00841090019337113
-0.839432770943369,-0.00847354685767198
-0.843624714141317,-0.0085326569049638
-0.84723642353411,-0.00858651997550145
-0.850247251490416,-0.00863346210279887
-0.852662443341093,-0.00867209935375845
-0.854510837562354,-0.00870191408300791
-0.855864837205989,-0.00872300960577049
-0.856804154404194,-0.00873678729842607
-0.85745518062877,-0.00874503928394033
-0.857968751820977,-0.00875075467558238
-0.858506054050872,-0.0087572379704711
-0.859236126990794,-0.00876765342699463
-0.860323592080126,-0.00878399043882327
-0.861915171498658,-0.00880742617668663
-0.864126827428262,-0.0088375691606809
-0.867033454525003,-0.00887248655812807
-0.870662789286004,-0.00890888775844706
-0.874990790800066,-0.00894245508632351
-0.879972334990618,-0.00896899560085368
-0.885506274382883,-0.00898481390152418
-0.891473024857456,-0.00898838431148438
-0.897742784078252,-0.00897904461784985
-0.904182704777873,-0.00895898056157061
-0.910684561556604,-0.00893220934128383
-0.917134198453437,-0.00890459392078256
-0.923444206768426,-0.00888272359751869
-0.92955849260841,-0.00887364074390918
-0.935429889341291,-0.00888226357082712
-0.941030482488954,-0.00891306408889562
-0.946350552871742,-0.00896766469523059
-0.951397503611245,-0.00904440296811201
-0.956194775364544,-0.00914048344536045
-0.96078038653718,-0.00925019620272961
-0.965204515026182,-0.00936711509700591
-0.969532720271799,-0.00948445024095909
-0.973836186236567,-0.00959584304617668
-0.978160903385044,-0.00969654303577084
-0.982546612853948,-0.00978333289800009
-0.98700542215054,-0.00985508912311415
-0.991514269755398,-0.0099124758801517
-0.996019531843238,-0.00995851155648946
-1.00043691135095,-0.00999574273254315
-1.00463876075012,-0.010027761316183
-1.00848327190553,-0.0100580778374551
-1.01187044841923,-0.0100883240857081
-1.0146932564011,-0.0101197510510799
-1.01692052412504,-0.0101525455490031
-1.01857081723839,-0.010185124754755
-1.01973724221258,-0.0102162355700042
-1.02057588156274,-0.0102438374692576
-1.02130691858839,-0.0102673090751091
-1.02217070563015,-0.0102856358017844
-1.02342245819711,-0.0102994116973327
-1.02526903069473,-0.0103100581410722
-1.02788881108241,-0.0103198305641302
-1.03136905295719,-0.010331444450915
-1.03571197713308,-0.0103471600158253
-1.04082592352582,-0.0103694153953489
-1.04656193995934,-0.0103993162811859
-1.05267934408012,-0.0104374085246343
-1.05892175661551,-0.0104839473893813
-1.06502990003752,-0.0105378263126877
-1.07077626742164,-0.0105976411534137
-1.07599138989714,-0.0106620628953331
-1.08059331134537,-0.0107297959112072
-1.0845733577912,-0.0107996168520156
-1.08800721121534,-0.0108705272284701
-1.09103279990781,-0.0109415286731309
-1.09384256537448,-0.0110112923475362
-1.09663421783012,-0.0110782401653536
-1.09959380676502,-0.0111403860687745
-1.10287052166374,-0.0111949853043522
-1.10655794604124,-0.0112388618243071
-1.11068445708666,-0.0112687035499883
-1.11521394829288,-0.0112822726692366
-1.12004536841895,-0.0112775962575234
-1.12505369938736,-0.0112543865626619
-1.13009910670283,-0.0112139791619368
-1.13505541295562,-0.0111598107933368
-1.1398308107301,-0.0110974668017029
-1.14438086696338,-0.0110333659463685
-1.14871142708416,-0.0109749827362442
-1.15287083777462,-0.0109301300598901
-1.15691808336055,-0.0109054458661138
-1.16093736711022,-0.0109065673253019
-1.16497808055141,-0.0109360583496693
-1.16904985169183,-0.0109946828639171
-1.17310916463126,-0.011079545354558
-1.17705506946475,-0.0111854347546185
-1.18073122519883,-0.0113048211008761
-1.18395608806588,-0.0114290181495309
-1.18652323034448,-0.0115478839837709
-1.18824166668996,-0.0116519025107405
-1.18894090837236,-0.0117332526183599
-1.18853009317892,-0.0117856783270169
-1.18694604248629,-0.0118060567194474
-1.18422661738046,-0.01179413810829
-1.18045887353651,-0.0117525468014987
-1.17578436546518,-0.0116868259027516
-1.17038521634832,-0.0116039586480749
-1.16446801094115,-0.011512490450169
-1.1582437912455,-0.0114209531480123
-1.1519321497846,-0.0113366071521075
-1.14569737060603,-0.0112653549614942
-1.13970954568995,-0.0112108656235047
-1.13410165193082,-0.0111742914214689
-1.12894740174961,-0.0111542035857326
-1.12430282642727,-0.0111473529197596
-1.120171811635,-0.0111490327874759
-1.11651050873416,-0.011153387304272
-1.11324478917546,-0.0111553123090314
-1.11026874073039,-0.0111505863796869
-1.10745378223396,-0.0111356302200367
-1.10465705717287,-0.0111092000858018
-1.1017506651082,-0.0110715308242151
-1.0986145483943,-0.0110243430383691
-1.09516079204692,-0.0109705631092621
-1.09134270106334,-0.0109140722225984
-1.08715837378921,-0.0108580198908388
-1.08264837658686,-0.0108061697369007
-1.077888072481,-0.0107609638356474
-1.07296504163102,-0.0107237510881825
-1.06798837109982,-0.0106953552982709
-1.0630621525814,-0.0106748541612162
-1.05828417595798,-0.0106604750443147
-1.05371449350617,-0.0106502441011672
-1.04942892216535,-0.0106413613469796
-1.04547223851791,-0.0106310328221511
-1.0418684399365,-0.0106168540991225
-1.03864178145032,-0.0105968580184091
-1.03580351630504,-0.0105694785695916
-1.03334389866892,-0.0105340989594537
-1.03126610190944,-0.0104906243645977
-1.02952929398602,-0.0104394296885102
-1.02808296917439,-0.0103822040343409
-1.02684646132974,-0.010320477670325
-1.02570667293854,-0.0102565021499521
-1.02450956393104,-0.0101925178208343
-1.02309066446009,-0.0101310625102297
-1.02128526939454,-0.0100741376023498
-1.01891643363959,-0.0100238763214956
-1.01585030519938,-0.00998079161465075
-1.01199463816449,-0.0099447147355465
-1.00731594289266,-0.00991458128998172
-1.00183944340922,-0.00988773774111504
-0.995656403120766,-0.0098610230550744
-0.988924135612594,-0.0098299072658522
-0.981844945326628,-0.0097896345505081
-0.974647414004202,-0.00973614396970374
-0.967564678703962,-0.00966627384736538
-0.960811857253318,-0.00957796520373557
-0.954564912457253,-0.00947170306843692
-0.94894696430616,-0.0093501394179729
-0.944001301770512,-0.00921828682918251
-0.939704177127896,-0.00908304031382334
-0.935974797270089,-0.00895226976503837
-0.93264522161406,-0.00883472515432174
-0.929529830510911,-0.00873848496101071
-0.926399846786441,-0.00866885457222953
-0.923030529899452,-0.00862919621970216
-0.919248506692325,-0.0086199681240852
-0.914906539413854,-0.0086380630032823
-0.90994194145659,-0.00867766550260035
-0.90435735769578,-0.00873043335582908
-0.898259899015797,-0.00878700949243637
-0.891816827741109,-0.00883818592736702
-0.885257140822671,-0.00887592723948054
-0.878842459983875,-0.00889424078263438
-0.872825435868071,-0.00888922346663959
-0.867440271564556,-0.00886090062844803
-0.862874366468461,-0.00881132909387706
-0.859212859048953,-0.00874419451538184
-0.856450693963327,-0.00866593461569262
-0.854497443108679,-0.00858272621704189
-0.853176686913299,-0.008500000943355
-0.852232751725708,-0.00842317207781039
-0.851397227590765,-0.00835641173307534
-0.850393414404332,-0.00830192625511095
-0.848954834845282,-0.00826083134640661
-0.8469086623342,-0.00823308790435273
-0.844150722848566,-0.00821675718006981
-0.840642187598296,-0.00821007318927469
-0.836460941768851,-0.00821051802376776
-0.831739928831398,-0.00821468658811587
-0.826660930768863,-0.00821995702893944
-0.821428602011114,-0.00822343196024883
-0.816247108184729,-0.00822258539244131
-0.811280452772899,-0.00821497068200034
-0.806651304206335,-0.00819889357364205
-0.802437100172028,-0.00817331821554769
-0.798619845956307,-0.00813782524515207
-0.795158983500793,-0.0080929087159587
-0.791945449629897,-0.00803973088503188
-0.788863923080679,-0.00797990104389119
-0.785778753317973,-0.00791557442929698
-0.782578016689526,-0.00784856831772371
-0.779176918139461,-0.00778163330028273
-0.775527230962339,-0.00771638831285817
-0.771620729915875,-0.00765416358730838
-0.767475501154668,-0.00759629925980846
-0.763161635423203,-0.00754321908319754
-0.758753169904786,-0.00749462869612667
-0.754333356549685,-0.00745050169311537
-0.749966194202815,-0.00741040974246334
-0.745718412479559,-0.00737407475017984
-0.741604152997693,-0.00734095713441724
-0.737634287772333,-0.00731086297913224
-0.733777882026682,-0.00728470802046681
-0.729979791648783,-0.00726224712168903
-0.726169684099851,-0.00724461719212876
-0.722288586148902,-0.00723256760321406
-0.718290603344612,-0.00722661823189346
-0.714143345421035,-0.007226840515621
-0.70984684823329,-0.00723260385383662
-0.70546625373711,-0.0072427985410492
-0.701067040008045,-0.00725530925065832
-0.696755058429567,-0.00726798491998012
-0.692648565640372,-0.00727792717104685
-0.688850274137887,-0.00728198318175213
-0.685447008759103,-0.00727766698449344
-0.682496452511704,-0.00726270233678164
-0.679985817979103,-0.0072348468642556
-0.677856441023959,-0.00719402033205871
-0.675980612092644,-0.00714044415192816
-0.674212847142192,-0.0070749288296304
-0.672366408311365,-0.00699970587912604
-0.670242372865877,-0.00691674282432597
-0.667674730664792,-0.00682872403305357
-0.664518336976122,-0.00673820678314861
-0.660706363417147,-0.00664788901483299
-0.656241662197622,-0.00655973042386221
-0.651160576420266,-0.00647530045527364
-0.645583420804014,-0.00639652259322511
-0.639668965379116,-0.00632499169868982
-0.633587276277352,-0.00626209110321106
-0.627521188528968,-0.00620901056439904
-0.621633294198406,-0.00616701859046537
-0.616056147230175,-0.0061364650302733
-0.610884268167542,-0.00611738866187851
-0.606175669023541,-0.0061094046179897
-0.601935533985366,-0.00611084994183746
-0.598162360038077,-0.0061199061020239
-0.594806725242696,-0.00613359936183805
-0.591810899898777,-0.00614832293920784
-0.589102502185758,-0.00616097791081432
-0.586597483327833,-0.00616806117602209
-0.584190829760185,-0.00616780771455942
-0.581791698700379,-0.00615905291531792
-0.57928245059328,-0.00614119891769141
-0.576546124302689,-0.00611499235283006
-0.573503918075033,-0.00608199517829968
-0.570063039046977,-0.00604402683838786
-0.566179862640086,-0.00600293378817226
-0.561832590880689,-0.00596040457162904
-0.557072110954366,-0.00591784112695444
-0.551959918109248,-0.00587629227634486
-0.546644104519746,-0.0058357019350301
-0.541270513022877,-0.00579653977392337
-0.536002983769261,-0.00575863230196019
-0.531010455720657,-0.00572276671041478
-0.526420476020527,-0.00568937802138742
-0.522342360931874,-0.00565903314098232
-0.518807393341531,-0.00563276864527175
-0.515793730346587,-0.0056111461738606
-0.513237187278565,-0.00559415105212933
-0.511004574569304,-0.00558096668245576
-0.508941949778113,-0.00557087050559898
-0.506880832725654,-0.00556196341912834
-0.504644732630747,-0.00555120705486153
-0.502098626050955,-0.00553649562744905
-0.499118019984817,-0.0055151572270614
-0.495620160208028,-0.00548447653739417
-0.491591022751636,-0.00544341917628767
-0.487038336496297,-0.00539091241272134
-0.482037056239886,-0.00532671614142179
-0.476694140837289,-0.00525158673021258
-0.47112483135043,-0.0051659348640259
-0.465485338919119,-0.00507123965259259
-0.45993394276846,-0.00496911870189817
-0.454617603799451,-0.00486140136198975
-0.449677639024446,-0.00475019611708747
-0.445200976484878,-0.00463735473681502
-0.441243254489678,-0.0045254833056771
-0.43781418354087,-0.00441789062759098
-0.434859401597325,-0.00431773627578731
-0.432284123599695,-0.0042288285726001
-0.429949056286925,-0.00415456073307841
-0.427682856694384,-0.00409777685273324
-0.425298868201161,-0.00406099306041227
-0.422614220900788,-0.00404496886851403
-0.419458075183556,-0.00404949811982762
-0.415711517456216,-0.00407282142236684
-0.411307254887935,-0.00411124567914378
-0.406242845574888,-0.00416002730192945
-0.400583579460924,-0.00421362710498759
-0.39446202951649,-0.00426655559428573
-0.388036988053841,-0.00431332836994981
-0.381539385666098,-0.00434971948517279
-0.375199960446098,-0.00437233177832553
-0.369226437210317,-0.00437995559656406
-0.363825137090082,-0.00437258390525434
-0.359125425298454,-0.00435195748237521
-0.355212444073298,-0.00432055188574488
-0.352073123122634,-0.00428148994001654
-0.349623706178221,-0.00423778539906285
-0.347712438991313,-0.00419261401702786
-0.346142456847151,-0.00414746963162293
-0.344653192458642,-0.00410374204849349
-0.343009177016041,-0.00406065976420892
-0.34097930234879,-0.00401711760192252
-0.338380141136185,-0.00397133429248445
-0.335079915862636,-0.00392104880763686
-0.331031843892257,-0.00386428376446651
-0.326261934149966,-0.00380049276434421
-0.320866635025024,-0.00372861066094167
-0.314987867883644,-0.00364955752566405
-0.308827162307426,-0.00356577770320055
-0.302579865224996,-0.00348002099479616
-0.296435754359643,-0.00339503643526808
-0.290582475325227,-0.00331477485204344
-0.285147454930541,-0.00324194109438244
-0.280233478404334,-0.00317841533471008
-0.27587022147818,-0.00312587762973393
-0.272051272867551,-0.00308392829828997
-0.268719410293462,-0.00305180604025899
-0.265781050951736,-0.0030277511041275
-0.263099969998422,-0.00300938044160343
-0.260529075377768,-0.00299447071941761
-0.257910203286508,-0.00298118761347543
-0.255086428877502,-0.00296857651232741
-0.251915364925466,-0.00295624984507698
-0.248271551277924,-0.00294420012858456
-0.244092394862901,-0.00293303309383755
-0.239351496183339,-0.00292359289579047
-0.234071950174528,-0.00291598393929667
-0.228344905994911,-0.00291002987583555
-0.222309294089805,-0.00290433036772651
-0.216144360453773,-0.00289640596863625
-0.210053162902163,-0.00288291433672438
-0.204246259830304,-0.00286013649977288
-0.198894228185778,-0.00282448723671423
-0.194151850523495,-0.00277267868799443
-0.190116838230514,-0.00270306940634603
-0.186836004902981,-0.00261568250689819
-0.184281120603542,-0.00251224058713324
-0.182360507317684,-0.00239689326984792
-0.180931958619576,-0.00227528220552832
-0.179819961450351,-0.00215464418991376
-0.178832712658849,-0.00204209793340142
-0.177776655696209,-0.00194535102466501
-0.176470054585691,-0.00187059779659042
-0.17476079511443,-0.00182212350482471
-0.172551313966857,-0.00180159288162375
-0.169760202547113,-0.00180763420366354
-0.166360163030628,-0.00183660445196436
-0.162386487245505,-0.00188237846075332
-0.157917386398642,-0.00193689578266503
-0.153025415609191,-0.00199164004162809
-0.147841284123447,-0.00203785959766671
-0.142491224469139,-0.00206883695579133
-0.137105135255527,-0.00207919204912547
-0.131791397315574,-0.00206720167720885
-0.126638496923385,-0.00203291812689968
-0.121730282990284,-0.00198001332990729
-0.117098464708822,-0.00191325242635997
-0.112745019243046,-0.00183922568731786
-0.108668105276671,-0.00176462995052818
-0.104824556929616,-0.00169532611587564
-0.101171130442689,-0.00163558500487577
-0.0976611889321884,-0.00158799174647254
-0.0942472894134038,-0.00155248083773756
-0.0909040029381366,-0.00152688311002526
-0.0875922524525941,-0.00150771800139785
-0.0842905507008217,-0.001490365626891
-0.0809794758624315,-0.00147030931358971
-0.0776365717157007,-0.00144347789175348
-0.074232283629664,-0.00140760830463442
-0.0707173363266978,-0.00136168434556356
-0.0670471881994081,-0.001306898526767
-0.0631847861806039,-0.00124603451221052
-0.059084191654561,-0.00118314842341408
-0.0547078139325734,-0.00112244621168632
-0.0500875005241107,-0.00106829805060702
-0.0452692318630643,-0.00102394328875576
-0.0403299264481052,-0.000991902375850491
-0.0353793843955751,-0.000972348206502244
-0.0305706216355801,-0.000964269322804892
-0.0260351167435484,-0.000965134051699326
-0.0219041342048097,-0.00097086930692982
-0.0182748567299016,-0.000977811836495077
-0.0151836300386025,-0.000982106223048155
-0.012617999312199,-0.000980424264219651
-0.01049954868393,-0.000970728246884636
-0.00870546162853819,-0.000952344328900347
-0.0070651700383896,-0.000925713028661448
-0.00537696035550481,-0.000892328269286294
-0.00345222471985611,-0.000854712912775313
-0.00112917664916792,-0.000815137166023359
0.00172855328682467,-0.000775990109858004
0.00518352179425412,-0.000738335303321677
0.0092637404070863,-0.000703094664202475
0.01391946792791,-0.000669729524458788
0.0190742150936741,-0.000635920855637188
0.0246210255816037,-0.000599188100140914
0.0304097370863722,-0.000557581943506765
0.0362849180078504,-0.000509038829881835
0.0420622937580782,-0.000452342915294356
0.0476073582527911,-0.00038756563164194
0.0527732142074407,-0.000316110691955051
0.0574273106029723,-0.000241026079287755
0.061489606939169,-0.000165460417875118
0.0649013350916844,-9.36700877485906e-05
0.0676715372061061,-2.92008301427999e-05
0.0698398338992892,2.42835332152028e-05
0.0715278392006996,6.51337025536838e-05
0.0729035062863231,9.22287728814423e-05
0.0741826344777458,0.000106559832147811
0.075611563989684,0.000110137940157564
0.077443235145479,0.000106710662613529
0.0799092347173918,9.99334367238784e-05
0.0831915384807278,9.41858099652459e-05
0.0873981511694861,9.36082756834608e-05
0.0925465892640353,0.000101400652744371
0.0985691165511337,0.000119820111692034
0.10529629847956,0.000149984511091145
0.112488189946885,0.000192019246055968
0.119851762803404,0.000244806506936885
0.127086493298755,0.00030668355082986
0.133898554189379,0.000375147028499807
0.14003382802406,0.000447572754352982
0.145311175818629,0.000521214856643938
0.149635907230484,0.000593953134920146
0.152973918474688,0.00066312372523245
0.155379630117171,0.000727876479767749
0.156968747867977,0.000786950498568939
0.157920902122326,0.000840189744104113
0.158422034156708,0.000887722125943689
0.158696617574587,0.000930380690073497
0.158961032211408,0.000969525718882546
0.159424039595246,0.00100614014992194
0.16028923210303,0.00104115013452974
0.161713946153988,0.00107587794160658
0.163838539949149,0.00111003705455446
0.166760541814629,0.001143920240018
0.170543035517092,0.00117675821187502
0.17518680552663,0.00120790011561107
0.180641001641697,0.00123606013297746
0.18679826662614,0.00126112515176074
0.193498289729339,0.00128233275061409
0.20054397704691,0.00130095952196092
0.207700995843832,0.00131731363616929
0.214723500137137,0.00133265933516179
0.221367576212976,0.00134978484960278
0.227446588932018,0.00137019234751639
0.232799619826894,0.00139529068386233
0.237340239894394,0.00142602369893443
0.241041768733109,0.00146303325623988
0.243973868278909,0.00150573161910439
0.246265480865988,0.00155278271244571
0.248094253318776,0.00160274917302029
0.249670817274579,0.00165327750985394
0.251220520047152,0.00170236503500459
0.252954449114918,0.00174880826123446
0.255054498717814,0.00179119379318661
0.257658945923383,0.0018299002102813
0.260853628939803,0.00186518860626332
0.264680174656949,0.00189835568137651
0.269116141902606,0.00193105187706368
0.274095882476082,0.00196505120421309
0.279515382320406,0.00200116272627227
0.285231496865984,0.0020403424111588
0.291106464863209,0.00208223920609311
0.29697852802231,0.00212595130528878
0.302706004428154,0.00216961131704904
0.308161901998983,0.00221143842730513
0.313230446403655,0.00224898120363573
0.317815897646101,0.00228016569048049
0.321875281116496,0.00230416354386156
0.325379692122,0.0023205736436425
0.328348460751812,0.00233031357158513
0.330822600441292,0.00233515770206257
0.332873710396523,0.00233862900684405
0.334599757143364,0.0023437539003249
0.336129887019853,0.00235463347783677
0.337593923212395,0.00237484338597309
0.339127039193505,0.00240664593441668
0.340855164216962,0.00245121904496879
0.342885011258508,0.00250857955677878
0.34529618057977,0.00257709652915961
0.348132599659287,0.00265377176891141
0.35142042335091,0.00273389693370652
0.355134381399166,0.00281371266332647
0.359237343104091,0.00288841570812894
0.363684744154572,0.00295493151322389
0.36841518934974,0.00301039985952454
0.373384815793284,0.00305424080140996
0.378543819957266,0.003086369772863
0.383857442915781,0.00310847208992916
0.389296641734143,0.0031230765934321
0.394852182550038,0.00313316342922003
0.40048788810048,0.00314102008424441
0.406186555571368,0.00314881281227629
0.411893884420309,0.00315786539783132
0.417565501990433,0.00316788372944013
0.423147752837115,0.00317808774901565
0.42856181108485,0.00318704814656824
0.433748911543306,0.00319335889959652
0.438671874133642,0.00319651143814034
0.443300676136386,0.00319601788334882
0.447650208134187,0.00319407907101023
0.451739381965943,0.00319371763719787
0.45561936452171,0.00319871956030034
0.459353475167351,0.00321463529049039
0.463017204633549,0.00324604286073623
0.466653788780509,0.00329678806445663
0.470298304667777,0.00336923099371761
0.473969525671278,0.00346313132759422
0.477664131798021,0.00357583016254615
0.481351684044121,0.00370154443834959
0.485001892197182,0.00383307585365169
0.488571568842182,0.00396169462217822
0.492050172727273,0.00407839992471127
0.495433135527331,0.0041752744463824
0.498732399025378,0.00424626356073522
0.501990472488438,0.00428812633942598
0.505257640092413,0.00430127011983407
0.508576814309938,0.00428887950155417
0.512011197686753,0.00425735109239786
0.515613501623222,0.00421567315661642
0.519408247843204,0.00417291031131116
0.523391376024122,0.00413815219136281
0.52755896279591,0.00411975496645331
0.531869195993374,0.00412268419975317
0.536280938173211,0.00414969180109675
0.54073420498274,0.00420074444380911
0.545167737600192,0.00427240847389362
0.549524365548481,0.00435880205782965
0.553765875650047,0.00445361201034133
0.55785281621164,0.00454943159228692
0.561759563170016,0.00464042492715709
0.565469933171552,0.00472128764018385
0.568976741830815,0.00478901492208724
0.572278220106846,0.0048426444185941
0.57539790396001,0.00488379559163273
0.5783458331242,0.00491405524147281
0.581168424802696,0.00493717028911512
0.583916347878862,0.00495628124672062
0.586655321620029,0.00497442538647248
0.589474645087606,0.00499438974601837
0.592459596124196,0.00501710680952695
0.595697904192725,0.00504288985377566
0.599265790938072,0.00507151233390827
0.603206665215083,0.00510215755132491
0.607552239338468,0.00513368926324192
0.612299451298758,0.00516530909957357
0.61739137055908,0.00519652141452244
0.622756892399276,0.0052274313420992
0.628287971187122,0.00525891731609307
0.633875787485102,0.00529166037714087
0.639393484567721,0.00532660149017188
0.644716202857797,0.0053647162834832
0.64976183156768,0.00540596836285796
0.654459369401677,0.0054513045331163
0.658791868598713,0.00550032421274834
0.662757224346469,0.00555216972039496
0.666398572893755,0.00560624607264621
0.669782767756113,0.00566119405836705
0.673006395979597,0.00571637907615619
0.676164110755351,0.0057698480593344
0.679350267972992,0.00582088881292767
0.682661177494789,0.00586795586274038
0.686165111544921,0.00591016165754415
0.689899623203492,0.00594657052758181
0.693886047788846,0.00597652113868909
0.698136291482534,0.00599934068924386
0.702602953485311,0.00601519853282243
0.707234179394246,0.00602489008035761
0.711952246389053,0.00602905892303498
0.716679022769808,0.00602996581999196
0.721326008275559,0.00602896757139408
0.725806591794265,0.00602795584891447
0.730058590469763,0.00602939547835977
0.734032098522117,0.00603493848251614
0.737701292567761,0.00604600185587371
0.741066747299905,0.00606374122311703
0.744155281373959,0.00608879655810093
0.747013619082936,0.00612092943017607
0.749729824973268,0.00616027552954576
0.75237183856998,0.00620636509442194
0.755039219977198,0.00625923719863556
0.757803382591882,0.00631868493627117
0.760741156417378,0.00638441565150912
0.763922012321141,0.00645581847527458
0.767375766920207,0.0065327259653233
0.771139969535717,0.00661380446399373
0.775220377219417,0.00669786349246807
0.779611679399908,0.00678294603777753
0.784291907620289,0.00686618654878059
0.789238983077061,0.00694497397094936
0.794420795956947,0.00701662722038317
0.799783979333073,0.00707871964990088
0.805270940390318,0.00712959397180337
0.810795520508499,0.00716890206673379
0.81626866001459,0.00719664789681052
0.821602095079856,0.00721493861572611
0.826686823743367,0.0072254106082419
0.831441806366902,0.00723137015850681
0.835782427335456,0.00723603856835472
0.839692009529175,0.0072424516543364
0.84316833201426,0.00725328770424801
0.846256803150059,0.00726979063869963
0.849066197122648,0.00729260431145587
0.851741578413891,0.00732189158906845
0.854438575096042,0.00735665446500265
0.857307758570018,0.00739525577292955
0.860492255809762,0.00743581414523202
0.864105693073717,0.00747624697714853
0.868200320648087,0.00751523917320252
0.872774617027407,0.00755196822743579
0.877766002852602,0.00758600545305103
0.883073842260469,0.00761751340807517
0.888555928167523,0.00764754661156198
0.894043320554671,0.00767753728982909
0.899384922101534,0.00770887863647556
0.904464723070209,0.0077430741038125
0.909170545998161,0.00778106864927056
0.913441599688546,0.00782308551395908
0.917258069466922,0.00786886944388279
0.92063670596705,0.00791705420581939
0.923619408769483,0.0079654586486585
0.926279499902592,0.00801173796714167
0.928692053678879,0.00805347512765098
0.930939330797507,0.00808828513489091
0.933107095276733,0.00811444304981251
0.935282641305733,0.008131691158612
0.937553787146885,0.00814080521010154
0.940014913419785,0.00814381237767645
0.942760631645153,0.00814385957996238
0.945854280785501,0.00814522845793536
0.949367669939776,0.0081520569792252
0.953334192135244,0.00816793720592087
0.957745934423252,0.00819560232440191
0.962568004841411,0.0082362218103697
0.967680002335145,0.00828924815103368
0.972961916275579,0.00835218685780533
0.978225892068326,0.00842112537269365
0.983299661176625,0.00849148423027673
0.988010891012915,0.00855759317369642
0.992227779322739,0.00861475154751228
0.995881472666832,0.00865895633339214
0.998992988155332,0.00868831563821191
1.00165282461275,0.00870261041692991
1.0040358608937,0.00870345423724596
1.00635836774902,0.00869370738542296
1.00888433209556,0.00867872609501223
1.01185643670448,0.00866327387282833
1.01547165918096,0.00865247781958553
1.01985845639677,0.0086512636052983
1.02505301179155,0.00866266351309342
1.03096955529142,0.00868861808896242
1.03743596605392,0.00872931411069885
1.04419830472065,0.00878321038708857
1.05096621987079,0.00884790565893157
1.05743226549513,0.00891987599034039
1.06330698416892,0.00899529144456772
1.06838233211708,0.00907083443906852
1.07253806220965,0.00914357014354395
1.07574713993633,0.00921083157595969
1.07808238829761,0.00927173233614024
1.07970316436746,0.00932620525168475
1.08083203146285,0.00937479503310125
1.08172551134388,0.00941874266065177
1.08263972692197,0.00946022705325674
1.0838179364326,0.00950057505150146
1.08544787992848,0.0095410418932584
1.08767168359737,0.00958220209113579
1.09054831197742,0.00962387777860612
1.09409337639781,0.00966538773299847
1.09826938881037,0.00970446292629776
1.10301327972443,0.00973886194767536
1.10822748097257,0.00976680312872626
1.11380603688144,0.00978614688875781
1.1196389433407,0.00979549456390136
1.1256170082592,0.00979376889623995
1.13163397503548,0.00978182787026153
1.13758330497322,0.00976165750320836
1.14338471455792,0.00973550840419364
1.14893056387293,0.00970722563973802
1.15413733000556,0.00968078924220564
1.15893963596717,0.00966050070835708
1.16329344525323,0.00964943834265612
1.16717529901657,0.00965093450371928
1.17059824392297,0.00966684987345114
1.17359472360492,0.00969791461442802
1.17625485271238,0.00974371123100108
1.17865734220988,0.00980285832174731
1.18094206401779,0.00987269640859019
1.18322969983561,0.00995044263535307
1.18563334593437,0.0100327897551603
1.1882479010765,0.0101159117659317
1.19116427052044,0.0101968830686736
1.19444652761493,0.0102737105315362
1.19810820209842,0.0103441113493459
1.20213877015156,0.0104069707036138
1.20652095881236,0.0104622589457659
1.2112123512761,0.0105102951086283
1.21612953005676,0.0105522840983077
1.22119712531056,0.0105897172316295
1.22630767063674,0.0106239832020897
1.23132617128891,0.0106565494823299
1.23611415568014,0.0106886958361904
1.2405195056784,0.0107207142330448
1.24408300586959,0.0107501292220356
1.2466848330352,0.0107765631983307
1.2481845710121,0.0107987417449062
1.24860990796195,0.0108166494245368
1.2481905382081,0.0108315001714312
1.24739249751246,0.0108459644559335
1.24688961568233,0.0108648643271205
1.24747156417018,0.0108941071979897
1.2498886234054,0.0109394466238263
1.25464768711999,0.0110041900287695
1.26178840543769,0.0110888774777934
1.27067948162524,0.0111875323704891
1.27987612819701,0.0112873752491102
1.28710631714244,0.0113682036728742
1.28933627135745,0.0114035138786662
1.28304879267358,0.0113624454508922
1.26459970972041,0.0112123642839323
1.2306896148578,0.010923675864924
1.17882298418459,0.0104742629192929
1.1077519185018,0.00985253019487109
1.01778824770839,0.00906104276551756
0.910937376682854,0.00811716455695355
0.790821146912981,0.00705295006929641
0.662385054037365,0.00591261162225152
